"record_type","sanity_id","title","slug","status","kind","collection","collection_slug","parent_service","parent_service_slug","provider","provider_role","service_category","pricing_model","pricing_model_note","service_price","rack_price","product_price_cents","product_price_usd","duration","brand","product_category","size","in_stock","shippable","weight_lb","featured","badge","tagline","description","who_its_for","process","pricing_notes","competitor_pricing","booking_url","purchase_url","cta_label","concerns","related_services","faqs","image_url","image_alt","gallery","seo_meta_title","seo_meta_description","order_rank","created_at","updated_at","revision","source_dataset","source_transaction_id"
"Product","product-facereality-10-advanced-acne-med","10% Advanced Acne Med","10-advanced-acne-med","","","","","","","","","","","","","","3100","31","","face-reality","skincare","1.5 oz","true","","","","","","Get serious about acne prevention with our Benzoyl Peroxide Acne treatment. 10% Advanced Acne Med is a benzoyl peroxide acne medication designed to support clearer-looking skin. Advanced Acne Med penetrates pores to target the source of acne, clearing and controlling existing blemishes while helping to prevent future breakouts.","","","","","","","","","","","https://cdn.sanity.io/images/4e7axyi7/production/2fc4c87fe0e1d62cf82e0e782ee7257326c4e1c5-2048x2048.png","10% Advanced Acne Med","","","","","2026-07-01T08:00:10Z","2026-07-01T08:02:36Z","JL5yWZ2fDsPkrNN3bKMkkD","production",""
"Product","product-facereality-10-glycolic-serum","10% Glycolic Serum","10-glycolic-serum","","","","","","","","","","","","","","3700","37","","face-reality","skincare","1 oz","true","","","","","","Reveal a more radiant, healthy‑looking complexion. This potent 10% Glycolic exfoliating serum removes dead skin cells to renew the skin, while delivering smoothing, firming, and brightening benefits.","","","","","","","","","","","https://cdn.sanity.io/images/4e7axyi7/production/9b1d571e1d8d4a0f250a3e14405040215767b685-2048x2048.png","10% Glycolic Serum","","","","","2026-07-01T08:00:10Z","2026-07-01T08:02:43Z","JL5yWZ2fDsPkrNN3bKMn5E","production",""
"Product","product-facereality-11-mandelic-serum","11% L-Mandelic Serum","11-l-mandelic-serum","","","","","","","","","","","","","","4600","46","","face-reality","skincare","1 oz","true","","","","","","Powerful exfoliation doesn't have to be harsh on your skin. Improve the texture and tone of dull-looking skin with this gentle yet powerful 11% L-Mandelic exfoliating serum. It gradually sweeps away dead skin cells to reveal clearer, brighter-looking skin with minimal irritation.","","","","","","","","","","","https://cdn.sanity.io/images/4e7axyi7/production/2cd0ca4347c92cdf62dcf96457c0771e44c92a47-2048x2048.png","11% L-Mandelic Serum","","","","","2026-07-01T08:00:10Z","2026-07-01T08:01:28Z","6Uf5dcYnDNc3ONxw9MrPif","production",""
"Product","product-facereality-15-mandelic-serum","15% L-Mandelic Serum","15-l-mandelic-serum","","","","","","","","","","","","","","4800","48","","face-reality","skincare","1 oz","true","","","","","","Powerful exfoliation doesn't have to be harsh on your skin. Improve the texture and tone of dull-looking skin with this gentle yet powerful 15% L-Mandelic exfoliating serum. It gradually sweeps away dead skin cells to reveal clearer, brighter-looking skin with minimal irritation.","","","","","","","","","","","https://cdn.sanity.io/images/4e7axyi7/production/195fd0079eca4068952d63cfddfa319f37c55966-2048x2048.png","15% L-Mandelic Serum","","","","","2026-07-01T08:00:10Z","2026-07-01T08:02:20Z","D3X8E2XKt8n8bNnBsSEZKY","production",""
"Product","product-facereality-2-5-advanced-acne-med","2.5% Advanced Acne Med","2-5-advanced-acne-med","","","","","","","","","","","","","","2900","29","","face-reality","skincare","1.5 oz","true","","","","","","Get serious about acne prevention with our Benzoyl Peroxide Acne treatment. 2.5% Advanced Acne Med is a benzoyl peroxide acne medication designed to support clearer-looking skin. Advanced Acne Med penetrates pores to target the source of acne, clearing and controlling existing blemishes while helping to prevent future breakouts.","","","","","","","","","","","https://cdn.sanity.io/images/4e7axyi7/production/5790727eb8fcbf20f2cab61dc04f26be555f332d-750x750.png","2.5% Advanced Acne Med","","","","","2026-07-01T08:00:10Z","2026-07-01T08:02:09Z","JL5yWZ2fDsPkrNN3bKMQtX","production",""
"Product","product-facereality-5-advanced-acne-med","5% Advanced Acne Med","5-advanced-acne-med","","","","","","","","","","","","","","3000","30","","face-reality","skincare","1.5 oz","true","","","","","","Get serious about acne prevention with our Benzoyl Peroxide Acne treatment. 5% Advanced Acne Med is a benzoyl peroxide acne medication designed to support clearer-looking skin. Advanced Acne Med penetrates pores to target the source of acne, clearing and controlling existing blemishes while helping to prevent future breakouts.","","","","","","","","","","","https://cdn.sanity.io/images/4e7axyi7/production/60fac2193a5a0b2e11c62b5ef1b45d598e3c1ab5-2048x2048.png","5% Advanced Acne Med","","","","","2026-07-01T08:00:10Z","2026-07-01T08:03:21Z","JL5yWZ2fDsPkrNN3bKN3Cf","production",""
"Product","product-facereality-5-glycolic-serum","5% Glycolic Serum","5-glycolic-serum","","","","","","","","","","","","","","3500","35","","face-reality","skincare","1 oz","true","","","","","","Reveal a more radiant, healthy‑looking complexion. This potent 5% Glycolic exfoliating serum removes dead skin cells to renew the skin, while delivering smoothing, firming, and brightening benefits.","","","","","","","","","","","https://cdn.sanity.io/images/4e7axyi7/production/7831dc85eeccc64b2975938f35d751b5b162f660-2048x2048.png","5% Glycolic Serum","","","","","2026-07-01T08:00:10Z","2026-07-01T08:02:24Z","6Uf5dcYnDNc3ONxw9MriPj","production",""
"Product","product-facereality-5-mandelic-serum","5% L-Mandelic Serum","5-l-mandelic-serum","","","","","","","","","","","","","","4200","42","","face-reality","skincare","1 oz","true","","","","","","Powerful exfoliation doesn't have to be harsh on your skin. Improve the texture and tone of dull-looking skin with this gentle yet powerful 5% L-Mandelic exfoliating serum. It gradually sweeps away dead skin cells to reveal clearer, brighter-looking skin with minimal irritation.","","","","","","","","","","","https://cdn.sanity.io/images/4e7axyi7/production/e12d5eecf094d7f6eeb9c5b18e84b8a39903abf6-2048x2048.png","5% L-Mandelic Serum","","","","","2026-07-01T08:00:10Z","2026-07-01T08:03:25Z","6Uf5dcYnDNc3ONxw9Ms449","production",""
"Product","product-facereality-8-mandelic-serum","8% L-Mandelic Serum","8-l-mandelic-serum","","","","","","","","","","","","","","4400","44","","face-reality","skincare","1 oz","true","","","","","","Powerful exfoliation doesn't have to be harsh on your skin. Improve the texture and tone of dull-looking skin with this gentle yet powerful 8% L-Mandelic exfoliating serum. It gradually sweeps away dead skin cells to reveal clearer, brighter-looking skin with minimal irritation.","","","","","","","","","","","https://cdn.sanity.io/images/4e7axyi7/production/1354920edac004734798ce7bbaf0175cda99b9a6-2048x2048.png","8% L-Mandelic Serum","","","","","2026-07-01T08:00:10Z","2026-07-01T08:01:21Z","6Uf5dcYnDNc3ONxw9MrM4k","production",""
"Product","product-skinscript-acai-berry-moisturizer","Acai Berry Moisturizer","acai-berry-moisturizer","","","","","","","","","","","","","","","","","skin-script","skincare","","true","","","","","For: Normal, combo, dry","Acai Berry Moisturizer is an award-winning daily moisturizer formulated to deliver replenishing hydration and antioxidant support for skin in need of comfort and balance. This lightweight yet nourishing formula features acai berry extract, plant-based oils, and soothing botanical ingredients to help maintain moisture and enhance the appearance of skin softness and smoothness.","","","","","","","","","","","https://cdn.sanity.io/images/4e7axyi7/production/8a1c0c7662162aaaa920adaa37bc7485bdb4d0fd-2000x2000.webp","Acai Berry Moisturizer","","","","","2026-07-01T03:12:13Z","2026-07-01T06:20:40Z","JL5yWZ2fDsPkrNN3bJuFkP","production",""
"Product","product-glymed-US-GM-006R","Accelerator Gel with 20% Alpha Hydroxy Acids","accelerator-gel-with-20-alpha-hydroxy-acids","","","","","","","","","","","","","","7650","76.5","","glymed","skincare","4 fl oz | 118 ml","true","","","","","Minimizes Pores · Anti-Aging · Increases Elasticity · Increases Firmness · Reduces Dull · Reduces Fine Lines & Wrinkles · Uneven Texture","This advanced, lightweight anti-aging serum contains ingredients that are great for caring for moderate acne, photo-aging, and hyperpigmentation. AHA Accelerator is also great for preparing the skin for chemical and surgical procedures while helping to extend and maintain lasting results.","","","","","","","","","","","https://cdn.sanity.io/images/4e7axyi7/production/50d98cf9f1b8de39c13d18437c49deb70aefaf54-400x400.webp","Accelerator Gel with 20% Alpha Hydroxy Acids","","","","","2026-07-01T03:12:10Z","2026-07-01T06:04:15Z","6Uf5dcYnDNc3ONxw9MOmjk","production",""
"Product","product-facereality-acne-face-and-body-scrub","Acne Face and Body Scrub","acne-face-and-body-scrub","","","","","","","","","","","","","","3700","37","","face-reality","skincare","6 oz","true","","","","","","Discover the skin scrub that outsmarts stubborn breakouts. This all-over exfoliating cleanser helps manage acne by deeply cleansing and exfoliating skin, clearing blemishes, and unclogging pores. Suitable for use on both face and body.","","","","","","","","","","","https://cdn.sanity.io/images/4e7axyi7/production/f21d85193d2c016a08b34f973095dd61a81f5267-2048x2048.png","Acne Face and Body Scrub","","","","","2026-07-01T08:00:10Z","2026-07-01T08:01:47Z","JL5yWZ2fDsPkrNN3bKLeTJ","production",""
"Product","product-facereality-acne-face-and-body-wash","Acne Face and Body Wash","acne-face-and-body-wash","","","","","","","","","","","","","","3600","36","","face-reality","skincare","6 oz","true","","","","","","Help keep breakouts at bay with this powerful benzoyl peroxide cleanser. This all-over wash helps manage acne by deeply cleansing skin, clearing blemishes, and unclogging pores. Suitable for use on both face and body.","","","","","","","","","","","https://cdn.sanity.io/images/4e7axyi7/production/4e3d11213312699926681bc57cdb785ae530803e-2048x2048.png","Acne Face and Body Wash","","","","","2026-07-01T08:00:10Z","2026-07-01T08:03:28Z","6Uf5dcYnDNc3ONxw9MsL4R","production",""
"Product","product-glymed-US-GM-12ER","Age Defying Masque","age-defying-masque","","","","","","","","","","","","","","11000","110","","glymed","skincare","1 fl oz | 30 ml","true","","","","","Minimizes Pores · Reduce Pigmentation · Reduce Dull & Uneven Texture · Reduce Fine Lines & Wrinkles · Reduce Redness & Inflammation","A gentle yet effective exfoliating masque that harnesses an exclusive enzyme designed to mimic the skin’s own naturally exfoliating process. YOUTH Firm Age Defying Peel delivers remarkable facial rejuvenation by reducing dark spots, fine lines and wrinkles for a more youthful looking skin.","","","","","","","","","","","https://cdn.sanity.io/images/4e7axyi7/production/699311d49697a7142187b22ff7464636eebe3459-400x400.webp","Age Defying Masque","","","","","2026-07-01T03:12:10Z","2026-07-01T06:04:15Z","6Uf5dcYnDNc3ONxw9MOmjk","production",""
"Product","product-glymed-US-GM-38ER","Age Delay Cream","age-delay-cream","","","","","","","","","","","","","","9600","96","","glymed","skincare","1 fl oz | 30 ml","true","","","","","Anti-Aging · Increases Firmness & Elasticity · Reduces Fine Lines & Wrinkles","Inspired by nature, backed by science, this innovative peptide mimics the royal jelly from majestic honeybees. Daily use stimulates detoxification, delays aging, and boosts skin’s energy for a complexion that's smooth, radiant, and glowing.","","","","","","","","","","","https://cdn.sanity.io/images/4e7axyi7/production/0b3893788c55163f8e288493070136ab9cd0f7a6-400x400.webp","Age Delay Cream","","","","","2026-07-01T03:12:12Z","2026-07-01T06:04:15Z","6Uf5dcYnDNc3ONxw9MOmjk","production",""
"Product","product-skinscript-new-ageless-lip-treatment","Ageless Lip Treatment","new-ageless-lip-treatment","","","","","","","","","","","","","","","","","skin-script","skincare","","true","","","","","","Ageless Lip Treatment is a nutrient-rich lip hydrator formulated to deliver lasting moisture and enhance the appearance of lip smoothness and softness. This conditioning formula features moisture-supportive ingredients and peptides to help improve the look of dry, delicate lips while maintaining comfort throughout the day.","","","","","","","","","","","https://cdn.sanity.io/images/4e7axyi7/production/a0eb79e2e1c1379e51e50f6b50a82318a6c8139d-2000x2000.webp","Ageless Lip Treatment","","","","","2026-07-01T03:12:13Z","2026-07-01T06:21:24Z","JL5yWZ2fDsPkrNN3bJuTia","production",""
"Product","product-skinscript-ageless-hydrating-serum","Ageless Skin Hydrating Serum","ageless-hydrating-serum","","","","","","","","","","","","","","","","","skin-script","skincare","","true","","","","","","Ageless Skin Hydrating Serum is an award-winning, peptide-infused treatment serum formulated to deliver intense hydration and improve the appearance of skin smoothness and suppleness.","","","","","","","","","","","https://cdn.sanity.io/images/4e7axyi7/production/76342cc170a8919f4b8aa3000573bf4f657ca715-2000x2000.webp","Ageless Skin Hydrating Serum","","","","","2026-07-01T03:12:13Z","2026-07-01T06:22:10Z","JL5yWZ2fDsPkrNN3bJuhFK","production",""
"Product","product-skinscript-ageless-skin-moisturizer","Ageless Skin Moisturizer","ageless-skin-moisturizer","","","","","","","","","","","","","","","","","skin-script","skincare","","true","","","","","For: All","Ageless Skin Moisturizer is a silky, lightweight daily hydrator formulated to deliver lasting moisture and antioxidant support without heaviness.","","","","","","","","","","","https://cdn.sanity.io/images/4e7axyi7/production/1217ae7b28c4f0fd579266e498242b8f5c9bc75b-2000x2000.webp","Ageless Skin Moisturizer","","","","","2026-07-01T03:12:13Z","2026-07-01T06:19:18Z","D3X8E2XKt8n8bNnBsS9Yth","production",""
"Product","product-glymed-US-GM-008R","Anti-Aging Exfoliant Masque","anti-aging-exfoliant-masque","","","","","","","","","","","","","","5150","51.5","","glymed","skincare","4 fl oz | 118 ml","true","","","","","Minimizes Pores · Brightens · Clarifies · Reduces Fine Line · Reduces Wrinkles","Anti-Aging Exfoliant Masque improves skin firmness, tone, and texture with a blend of glycolic, lactic, and salicylic acids and jojoba beads. It rebuilds and recharges worn-out skin instantly with its gentle, yet effective ingredients to restore even the most resistive skin back to a healthy state.","","","","","","","","","","","https://cdn.sanity.io/images/4e7axyi7/production/3ebdb1bee68e9151c6528ad43d8cc96a6690018a-800x800.webp","Anti-Aging Exfoliant Masque","","","","","2026-07-01T03:12:12Z","2026-07-01T07:46:48Z","lNfUvdo6EYR6sr3edwzjJ0","production",""
"Product","product-facereality-antioxidant-peptide-eye-gel","Antioxidant Peptide Eye Gel","antioxidant-peptide-eye-gel","","","","","","","","","","","","","","4800","48","","face-reality","skincare",".4 oz","true","","","","","","Antioxidant Peptide Eye Gel delivers antioxidants and nourishing ingredients that help diminish the appearance of dark circles, puffiness, and fine lines. With a nourishing formula to support smoother, younger looking skin, this age-defying eye gel is appropriate for all skin types.","","","","","","","","","","","https://cdn.sanity.io/images/4e7axyi7/production/9aefe9d347f78ed95779e91935b51a7248dc569f-2048x2048.png","Antioxidant Peptide Eye Gel","","","","","2026-07-01T08:00:10Z","2026-07-01T08:03:45Z","D3X8E2XKt8n8bNnBsSEgxN","production",""
"Product","product-facereality-antioxidant-peptide-face-serum","Antioxidant Peptide Serum","antioxidant-peptide-serum","","","","","","","","","","","","","","5600","56","","face-reality","skincare","1 oz","true","","","","","","Invest in the future of your skin with this peptide‑rich, antioxidant serum. This gentle yet effective formula works to smooth and rejuvenate skin while providing lasting antioxidant protection.","","","","","","","","","","","https://cdn.sanity.io/images/4e7axyi7/production/d61cb0ba60859c9150ead083567fadcdaaf5d237-2048x2048.png","Antioxidant Peptide Serum","","","","","2026-07-01T08:00:10Z","2026-07-01T08:03:39Z","6Uf5dcYnDNc3ONxw9MsNV3","production",""
"Product","product-facereality-antioxidant-scrub","Antioxidant Scrub","antioxidant-scrub","","","","","","","","","","","","","","3400","34","","face-reality","skincare","6 oz","true","","","","","","Proof that exfoliation can be extra gentle. Our Antioxidant Scrub is a gentle, sulfate-free cleansing scrub that buffs away dead skin cells to improve texture, leaving skin feeling soft and clean. Natural cellulose beads help clear away surface impurities, optimizing the skin to enhance the performance of other Face Reality products. Suitable for use on both the face and body.","","","","","","","","","","","https://cdn.sanity.io/images/4e7axyi7/production/f12406d7135819b6c378a990b0776b34e6e1e580-2048x2048.png","Antioxidant Scrub","","","","","2026-07-01T08:00:10Z","2026-07-01T08:03:49Z","D3X8E2XKt8n8bNnBsSEh7I","production",""
"Product","product-glymed-US-GM-78AR","Astringent No. 2 with Salicylic Acid","astringent-no-2-with-salicylic-acid","","","","","","","","","","","","","","4400","44","","glymed","skincare","8 fl oz | 236 ml","true","","","","","Purifies · Prevents Breakouts · Reduces Oil","Skin Astringent No. 2 contains salicylic acid, essential oils, and healing extracts to fight oily acne prone skin. Feel refreshed while drying up acne, killing bacteria, reducing redness, and controlling excess oil production on the skin.","","","","","","","","","","","https://cdn.sanity.io/images/4e7axyi7/production/6aa0e18f171fda76bb7d93a6948a9519205b34e5-800x800.webp","Astringent No. 2 with Salicylic Acid","","","","","2026-07-01T03:12:12Z","2026-07-01T07:46:42Z","D3X8E2XKt8n8bNnBsSDkBf","production",""
"Product","product-glymed-US-GM-41ER","Atraxi Peptide","atraxi-peptide","","","","","","","","","","","","","","9800","98","","glymed","skincare","1 fl oz | 30 ml","true","","","","","Increases Firmness & Elasticity · Lifts & Firms · Moisturizes · Reduces Fine Lines & Wrinkles","Atraxi Peptide is a luxurious peptide moisturizer designed to help hydrate, nourish, and visibly improve the look of aging skin. Formulated with a concentrated royal peptide blend, this elegant formula helps support a smoother, firmer, and more radiant-looking complexion. In an 8-week clinical evaluation, Atraxi Peptide showed visible improvements in the appearance of fine lines, wrinkles, crow’s feet, firmness, elasticity, tone evenness, smoothness, radiance, and hydration. With continued use, skin appears more refreshed, balanced, and youthful-looking.","","","","","","","","","","","https://cdn.sanity.io/images/4e7axyi7/production/733abb0b5d8aff6632227f96c555d03c9914a7e4-400x400.webp","Atraxi Peptide","","","","","2026-07-01T03:12:10Z","2026-07-01T06:04:15Z","6Uf5dcYnDNc3ONxw9MOmjk","production",""
"Product","product-facereality-barrier-balance-creamy-cleanser","Barrier Balance Creamy Cleanser","barrier-balance-creamy-cleanser","","","","","","","","","","","","","","3700","37","","face-reality","skincare","6 oz","true","","","","","","Comfort skin with this indulgent creamy cleanser that leaves your skin feeling soft and clean. This gentle formula cleanses, calms, and hydrates skin while supporting a healthy moisture barrier and microbiome, all key elements to achieving and maintaining clear skin.","","","","","","","","","","","https://cdn.sanity.io/images/4e7axyi7/production/a9debb67e631edefc9d91579c918cf972a8d7a4f-2048x2048.png","Barrier Balance Creamy Cleanser","","","","","2026-07-01T08:00:10Z","2026-07-01T08:01:43Z","D3X8E2XKt8n8bNnBsSEWz4","production",""
"Product","product-skinscript-barrier-balancing-moisturizer","Barrier Balancing Moisturizer","barrier-balancing-moisturizer","","","","","","","","","","","","","","","","","skin-script","skincare","","true","","","","","For: Normal/combination","Barrier Balancing Moisturizer is a lightweight, plant-powered daily hydrator formulated to help soothe the appearance of visible redness while delivering lasting moisture and skin comfort.","","","","","","","","","","","https://cdn.sanity.io/images/4e7axyi7/production/a77a6dd3cdb4e3a93e4895146021d6935fdcff4a-2000x2000.webp","Barrier Balancing Moisturizer","","","","","2026-07-01T03:12:13Z","2026-07-01T06:18:35Z","JL5yWZ2fDsPkrNN3bJtX7L","production",""
"Product","product-facereality-barrier-care-gel-cream","Barrier Care Gel Cream","barrier-care-gel-cream","","","","","","","","","","","","","","3800","38","","face-reality","skincare","Retail","true","","","","","","The smarter way to stronger skin‚ Barrier Care Gel Cream uses skin-mimicking technology to restore what's been lost. Powered by the Multi-Restore Complex‚ this formula delivers your barrier's own essential components - ceramides, squalane, and essential lipids - all in ratios your skin instantly recognizes. A strong foundation keeps skin balanced and supports your journey to clearer skin. This lightweight gel cream supports any skincare routine, helping the barrier recovery process while locking in moisture to build skin's resilience for long term skin health.","","","","","","","","","","","https://cdn.sanity.io/images/4e7axyi7/production/2dcd716693a4a0e02ffa9c9525dcb6de6044c214-2048x2048.png","Barrier Care Gel Cream","","","","","2026-07-01T08:00:10Z","2026-07-01T08:02:13Z","6Uf5dcYnDNc3ONxw9MrfVe","production",""
"Product","product-glymed-US-GM-09ER","Barrier Repair Cream with Amino Acids","barrier-repair-cream-with-amino-acids","","","","","","","","","","","","","","10400","104","","glymed","skincare","4 fl oz | 118 ml","true","","","","","Anti-Aging · Moisturizes · Protects","Barrier Repair Cream with Amino Acids was formulated to mimic the natural barrier of the skin and is the perfect massage and finishing cream to any regimen. This elegant, rich formula infuses the skin with hydrating and moisturizing ingredients to provide a protective barrier from daily damage and seasonal changes. Excellent for frail, thin, dry, menopausal and season affect skin.","","","","","","","","","","","https://cdn.sanity.io/images/4e7axyi7/production/faed4d453a5c8882628dd77d871e86d0a29f0ab1-400x400.webp","Barrier Repair Cream with Amino Acids","","","","","2026-07-01T03:12:12Z","2026-07-01T06:04:15Z","6Uf5dcYnDNc3ONxw9MOmjk","production",""
"Product","product-glymed-US-GM-031R","Beauty Oil","beauty-oil","","","","","","","","","","","","","","6800","68","","glymed","skincare","0.5 fl oz | 15 ml","true","","","","","Balances · Calming · Increases Hydration · Moisturizes","Simple, pure, and natural, our Beauty Oil creates the ultimate balance for radiant, youthful skin. This lightweight, fast-acting oil is non-comedogenic and packed with age-fighting antioxidants to help reduce wrinkles and replenish critical moisture. Beauty Oil represents our commitment to the highest standard of powerful botanical ingredients.","","","","","","","","","","","https://cdn.sanity.io/images/4e7axyi7/production/2ed5a73cffa7c0c21ddbea4b5bd5f90f41053fb5-400x400.webp","Beauty Oil","","","","","2026-07-01T03:12:12Z","2026-07-01T06:04:15Z","6Uf5dcYnDNc3ONxw9MOmjk","production",""
"Product","product-skinscript-berry-cloud-facial","Berry Cloud Facial","berry-cloud-facial","","","","","","","","","","","","","","","","","skin-script","skincare","","true","","","","","","Drift into a state of pure bliss and brighter-looking skin with the Berry Cloud Facial.","","","","","","","","","","","https://cdn.sanity.io/images/4e7axyi7/production/4e022712c05248f8045c888876063807f162ee23-2000x2000.webp","Berry Cloud Facial","","","","","2026-07-01T03:12:13Z","2026-07-01T06:18:40Z","D3X8E2XKt8n8bNnBsS9XVj","production",""
"Product","product-skinscript-black-pepper-detox-mask","Black Pepper Detox Mask","black-pepper-detox-mask","","","","","","","","","","","","","","","","","skin-script","skincare","","true","","","","","","Professional Use Only. Indulge in the warmth of the Black Pepper Detox Mask, featuring a soothing, spicy aroma for a comforting, sensorial experience. Infused with SymCalmin, it helps comfort stressed-looking skin and soothe the appearance of redness.","","","","","","","","","","","https://cdn.sanity.io/images/4e7axyi7/production/b04b2b9dc3327c276497f18cbb0d110eb5ddf892-2000x2000.webp","Black Pepper Detox Mask","","","","","2026-07-01T03:12:13Z","2026-07-01T06:21:59Z","D3X8E2XKt8n8bNnBsS9i8N","production",""
"Product","product-glymed-US-GM-22AR","Blemish Control No. 5 with Benzoyl Peroxide","blemish-control-no-5-with-benzoyl-peroxide","","","","","","","","","","","","","","4500","45","","glymed","skincare","4 fl oz | 118 ml","true","","","","","Minimizes Pores · Clarifies · Reduce Inflammation","Skin Medication No. 5 is one of the most effective topical treatments for inflamed and non-inflamed acne. Once on the skin, benzoyl peroxide reduces bacteria by oxygenating pores, causing peeling, and loosening of impactions to clear and prevent acne breakouts.","","","","","","","","","","","https://cdn.sanity.io/images/4e7axyi7/production/13fdf07263bd5bb9e98ca60c6c085b549232edc2-400x400.webp","Blemish Control No. 5 with Benzoyl Peroxide","","","","","2026-07-01T03:12:10Z","2026-07-01T06:04:15Z","6Uf5dcYnDNc3ONxw9MOmjk","production",""
"Product","product-skinscript-blemish-spot-treatment","Blemish Spot Treatment","blemish-spot-treatment","","","","","","","","","","","","","","","","","skin-script","skincare","","true","","","","","For: Oily, combo","Blemish Spot Treatment is an award-winning, targeted treatment formulated to help improve the appearance of visible congestion and uneven texture. This lightweight gel features a blend of glycolic and salicylic acids to help exfoliate the skin's surface and refine the look of pores.","","","","","","","","","","","https://cdn.sanity.io/images/4e7axyi7/production/c0510214610bdd7bd8edd533fde6be6337773d47-2000x2000.webp","Blemish Spot Treatment","","","","","2026-07-01T03:12:13Z","2026-07-01T06:19:40Z","JL5yWZ2fDsPkrNN3bJtnQX","production",""
"Product","product-skinscript-blue-aqua-enzyme","Blue Aqua Enzyme","blue-aqua-enzyme","","","","","","","","","","","","","","","","","skin-script","skincare","","true","","","","","","Professional Use Only. Blue Aqua Enzyme is a cooling exfoliating treatment featuring wakame (Japanese kelp) and MariMoist derived from marine flora. Mandelic acid gently exfoliates to help refine the appearance of skin texture and reveal a brighter, more radiant-looking complexion.","","","","","","","","","","","https://cdn.sanity.io/images/4e7axyi7/production/c67955759269ec806c0c64af25055cafeb84daab-2000x2000.webp","Blue Aqua Enzyme","","","","","2026-07-01T03:12:13Z","2026-07-01T06:19:43Z","6Uf5dcYnDNc3ONxw9MTBBJ","production",""
"Product","product-skinscript-blueberry-enzyme","Blueberry Enzyme","blueberry-enzyme","","","","","","","","","","","","","","","","","skin-script","skincare","","true","","","","","For: Normal, combo, oily","Professional Use Only. Blueberry Enzyme is a professional exfoliating treatment formulated to help refine the skin's surface and improve the appearance of dullness and mild congestion. This antioxidant-rich formula combines blueberry fruit with glycolic, salicylic, and gluconic acids.","","","","","","","","","","","https://cdn.sanity.io/images/4e7axyi7/production/38ab722d7dcebf03c65c2f169d1ed65fea690e44-2000x2000.webp","Blueberry Enzyme","","","","","2026-07-01T03:12:13Z","2026-07-01T06:18:28Z","6Uf5dcYnDNc3ONxw9MSWZS","production",""
"Product","product-skinscript-botanical-bloom-hydrating-mask","Botanical Bloom Hydrating Mask","botanical-bloom-hydrating-mask","","","","","","","","","","","","","","","","","skin-script","skincare","","true","","","","","","Botanical Bloom Hydrating Mask is a silky, floral-infused treatment mask formulated to help replenish moisture and enhance visible skin radiance. Featuring a blend of rose, orchid-derived extracts, and daisy flower extract, this hydrating mask supports a smooth, refreshed complexion.","","","","","","","","","","","https://cdn.sanity.io/images/4e7axyi7/production/3228e1947e10bc51a6870f956605912d28257f57-2000x2000.webp","Botanical Bloom Hydrating Mask","","","","","2026-07-01T03:12:13Z","2026-07-01T06:18:37Z","6Uf5dcYnDNc3ONxw9MSYQ3","production",""
"Product","product-facereality-brighten-c-mask","Brighten-C Mask","brighten-c-mask","","","","","","","","","","","","","","4900","49","","face-reality","skincare","2.5 oz","true","","","","","","Look on the bright side with this Vitamin C-infused facial mask. This multi-faceted formula boosts skin radiance and reduces the appearance of redness and discoloration, while illuminating your entire complexion.","","","","","","","","","","","https://cdn.sanity.io/images/4e7axyi7/production/36624442aeac453746b1c7b7ed246cb20eb4e98e-2048x2048.png","Brighten-C Mask","","","","","2026-07-01T08:00:10Z","2026-07-01T08:01:17Z","6Uf5dcYnDNc3ONxw9MrKhc","production",""
"Product","product-facereality-calming-facial-toner","Calming Facial Toner","calming-facial-toner","","","","","","","","","","","","","","3200","32","","face-reality","skincare","6 oz","true","","","","","","When your skin is feeling stressed, turn to this calming facial soother. It refreshes, calms, and hydrates skin, making it the perfect addition to your Face Reality skincare routine.","","","","","","","","","","","https://cdn.sanity.io/images/4e7axyi7/production/1b504d800082a5c7233a16aaff083f89fbf86821-2048x2048.png","Calming Facial Toner","","","","","2026-07-01T08:00:10Z","2026-07-01T08:01:35Z","6Uf5dcYnDNc3ONxw9MrRsu","production",""
"Product","product-glymed-US-GM-088R","Cell Protection Balm","cell-protection-balm","","","","","","","","","","","","","","3400","34","","glymed","skincare","2 fl oz | 59 ml","true","","","","","Moisturize · Protects · Reduce Inflammation","Cell Protection Balm is a rich, comforting balm designed to help moisturize, soften, and support the appearance of a healthy-looking skin barrier. This versatile formula helps comfort areas that feel dry, rough, or stressed while leaving skin feeling nourished and protected from moisture loss. Formulated with yeast beta glucan, Cell Protection Balm helps support skin comfort, hydration, and a smoother, healthier-looking appearance. Great for post treatments that need an occlusive layer product.","","","","","","","","","","","https://cdn.sanity.io/images/4e7axyi7/production/397b78880361913ce7ac22603f29c221fbeae220-400x400.webp","Cell Protection Balm","","","","","2026-07-01T03:12:12Z","2026-07-01T06:04:15Z","6Uf5dcYnDNc3ONxw9MOmjk","production",""
"Product","product-glymed-US-GM-085R","Cellulite Corrector Cream with Warming Actives","cellulite-corrector-cream-with-warming-actives","","","","","","","","","","","","","","6900","69","","glymed","skincare","6.75 fl oz | 200 ml","true","","","","","Increases Firmness & Elasticity · Lifts & Firms · Plumps & Moisturizes","Cellulite Corrector Cream with Warming Actives leaves dry, stressed and dehydrated skin nourished, invigorated and smooth instantly. Powerful, detoxifying and stimulating ingredients rework and rebalance unstable adipose tissue, which helps eliminate the pollutants that produce trapped water in between tissues, causing the ""rippled"" appearance.","","","","","","","","","","","https://cdn.sanity.io/images/4e7axyi7/production/640494f82fc53bd4e822d32203e2bd40ab8b5a81-800x800.webp","Cellulite Corrector Cream with Warming Actives","","","","","2026-07-01T03:12:12Z","2026-07-01T07:45:00Z","JL5yWZ2fDsPkrNN3bKHZII","production",""
"Product","product-skinscript-charcoal-refining-mask","Charcoal Refining Mask","charcoal-refining-mask","","","","","","","","","","","","","","","","","skin-script","skincare","","true","","","","","For: Normal to oily","Professional Use Only. Charcoal Refining Mask is a professional clay-based treatment mask formulated to help absorb excess surface oil and refine the appearance of pores for a smoother, more balanced-looking complexion.","","","","","","","","","","","https://cdn.sanity.io/images/4e7axyi7/production/2323c5c02d0cf3773775a257d895ca4af5f0141c-2000x2000.webp","Charcoal Refining Mask","","","","","2026-07-01T03:12:13Z","2026-07-01T06:21:50Z","6Uf5dcYnDNc3ONxw9MTowm","production",""
"Product","product-skinscript-cherry-enzyme","Cherry Enzyme","cherry-enzyme","","","","","","","","","","","","","","","","","skin-script","skincare","","true","","","","","For: Normal, combination","Cherry Enzyme is a high-performance exfoliant that combines tart and sweet cherry extracts with alpha-hydroxy acids to help renew the skin's appearance, boost hydration, and restore radiance. Formulated with 9% lactic and 5% mandelic acid.","","","","","","","","","","","https://cdn.sanity.io/images/4e7axyi7/production/1e7e357eebd52d79868f209d470779adbac9bc07-2000x2000.webp","Cherry Enzyme","","","","","2026-07-01T03:12:13Z","2026-07-01T06:20:30Z","JL5yWZ2fDsPkrNN3bJuBlU","production",""
"Product","product-glymed-US-GM-089R","Chocolate Masque with Enzymes","chocolate-masque-with-enzymes","","","","","","","","","","","","","","6000","60","","glymed","skincare","2 fl oz | 59 ml","true","","","","","Reduces Pigmentation · Increases Firmness & Elasticity · Lifts & Firms · Plumps","This chocolate masque is as good as it sounds! Rich in antioxidants like cocoa extract, this masque delivers superior anti-aging and restorative benefits to boost circulation, improve elasticity and brighten the skin's complexion.","","","","","","","","","","","https://cdn.sanity.io/images/4e7axyi7/production/16d14ea9319d3d286be78ba0ced95812fe0ee8c9-800x800.webp","Chocolate Masque with Enzymes","","","","","2026-07-01T03:12:12Z","2026-07-01T07:44:20Z","D3X8E2XKt8n8bNnBsSDfCq","production",""
"Product","product-skinscript-citrus-c-nourishing-cream","Citrus-C Nourishing Cream","citrus-c-nourishing-cream","","","","","","","","","","","","","","","","","skin-script","skincare","","true","","","","","For: Normal to dry","Citrus-C Nourishing Cream is an antioxidant-rich treatment cream formulated with 5% BV-OSC, an oil-soluble form of vitamin C, to help enhance visible radiance and support a more even-looking complexion.","","","","","","","","","","","https://cdn.sanity.io/images/4e7axyi7/production/ec6c1de186c260f8fb7ff14c937fcd330b35f851-2000x2000.webp","Citrus-C Nourishing Cream","","","","","2026-07-01T03:12:13Z","2026-07-01T06:22:02Z","D3X8E2XKt8n8bNnBsS9iQt","production",""
"Product","product-skinscript-clarifying-toner-pads","Clarifying Toner Pads","clarifying-toner-pads","","","","","","","","","","","","","","","","","skin-script","skincare","","true","","","","","For: Oily","Clarifying Toner Pads are pre-soaked exfoliating pads formulated with glycolic acid, salicylic acid, and tea tree oil to help remove surface buildup, refine the appearance of pores, and support a clearer-looking complexion.","","","","","","","","","","","https://cdn.sanity.io/images/4e7axyi7/production/e2f6ec21ff9e8a98e2bdc25d5f0a3da098c8aa3a-2000x2000.webp","Clarifying Toner Pads","","","","","2026-07-01T03:12:13Z","2026-07-01T06:21:02Z","JL5yWZ2fDsPkrNN3bJuO1q","production",""
"Product","product-facereality-clear-skin-balance","Clear Skin Balance","clear-skin-balance","","","","","","","","","","","","","","4400","44","","face-reality","other","Default Title","true","","","","","","Clear Skin Balance is an Omega-3 + Antioxidant multifunctional supplement for breakout‑prone skin, designed to support clearer‑looking results. Developed by the #1 Professional Acne Brand, Clear Skin Balance contains Omega‑3s and a proprietary Antioxidant Skin Defense Blend that may help clear, balance, and brighten skin while supporting overall health and wellness.* *These statements have not been evaluated by the Food and Drug Administration. This product is not intended to diagnose, treat, cure, or prevent any disease.","","","","","","","","","","","https://cdn.sanity.io/images/4e7axyi7/production/6e049c2cf969ede0c815cd97c41fc58af26468af-2048x2048.png","Clear Skin Balance","","","","","2026-07-01T08:00:10Z","2026-07-01T08:02:47Z","JL5yWZ2fDsPkrNN3bKMny6","production",""
"Product","product-glymed-US-GM-19AR","Clear Skin Cleanser with Benzoyl Peroxide","clear-skin-cleanser-with-benzoyl-peroxide","","","","","","","","","","","","","","4700","47","","glymed","skincare","8 fl oz | 236 ml","true","","","","","","Skin Wash is an extraordinarily effective acne wash formulated to achieve dramatic results with the ability to reduce and help to promote healing of both inflamed and non-inflamed acne breakouts. This cleanser oxygenates and detoxifies congested skin, while it soothes and promotes healing with Benzoyl Peroxide to specifically kill acne-causing bacteria.","","","","","","","","","","","https://cdn.sanity.io/images/4e7axyi7/production/cc06a9a0def880dbc215fed15819361cd556e9d5-400x400.webp","Clear Skin Cleanser with Benzoyl Peroxide","","","","","2026-07-01T03:12:10Z","2026-07-01T06:04:15Z","6Uf5dcYnDNc3ONxw9MOmjk","production",""
"Product","product-facereality-clear-skin-restore","Clear Skin Restore","clear-skin-restore","","","","","","","","","","","","","","3600","36","","face-reality","other","Default Title","true","","","","","","Clear Skin Restore is a zinc + probiotic microbiome supplement for breakout‑prone skin, designed to support clearer‑looking results. Developed by the #1 Professional Acne Brand, Clear Skin Restore contains Zinc and a proprietary Probiotic Gut‑Skin Axis Blend to help clear skin while supporting overall health and wellness.* * These statements have not been evaluated by the Food and Drug Administration. This product is not intended to diagnose, treate, cure, or prevent any disease.","","","","","","","","","","","https://cdn.sanity.io/images/4e7axyi7/production/93d6fafcce4a2d54556b833f9777ede8a8c1a23b-2048x2048.png","Clear Skin Restore","","","","","2026-07-01T08:00:10Z","2026-07-01T08:02:32Z","D3X8E2XKt8n8bNnBsSEbEG","production",""
"Product","product-facereality-clearderma-moisturizer","clearDerma Moisturizer","clearderma-moisturizer","","","","","","","","","","","","","","3300","33","","face-reality","skincare","2 oz","true","","","","","","Discover a lighter approach to hydration. This lightweight, acne‑safe, fast‑absorbing moisturizer soothes and quenches skin, while delivering antioxidant support for a healthy, radiant glow.","","","","","","","","","","","https://cdn.sanity.io/images/4e7axyi7/production/42a2cd50f55a53f9d5dddfeabddf53ecbee618be-2048x2048.png","clearDerma Moisturizer","","","","","2026-07-01T08:00:10Z","2026-07-01T08:01:50Z","JL5yWZ2fDsPkrNN3bKLfrX","production",""
"Product","product-skinscript-coconut-papaya-enzyme","Coconut Papaya Enzyme","coconut-papaya-enzyme","","","","","","","","","","","","","","","","","skin-script","skincare","","true","","","","","For: Normal, dry","Professional Use Only. Coconut Papaya Enzyme is a creamy, indulgent enzymatic exfoliant formulated for dry, dull-looking, or sensitive skin types. Featuring coconut and papaya fruit purees, this gentle formula helps loosen and remove surface buildup to refine the appearance of skin texture.","","","","","","","","","","","https://cdn.sanity.io/images/4e7axyi7/production/49ff0ab44cf913c463571507cecb54f804c8f994-2000x2000.webp","Coconut Papaya Enzyme","","","","","2026-07-01T03:12:13Z","2026-07-01T06:21:05Z","JL5yWZ2fDsPkrNN3bJuOXC","production",""
"Product","product-skinscript-coconut-restorative-mask","Coconut Restorative Mask","coconut-restorative-mask","","","","","","","","","","","","","","","","","skin-script","skincare","","true","","","","","For: All skin types","Professional Use Only. The Coconut Restorative Mask helps soften the appearance of visible redness with moisturizing ingredients like coconut fruit, yogurt extract, honey, and bisabolol. Fensebiome and fructooligosaccharides help support a balanced-looking complexion.","","","","","","","","","","","https://cdn.sanity.io/images/4e7axyi7/production/ef8c773a43036c8244dc124a19ac85fcc1dae34d-300x300.webp","Coconut Restorative Mask","","","","","2026-07-01T03:12:13Z","2026-07-01T07:47:44Z","6Uf5dcYnDNc3ONxw9Moe8o","production",""
"Product","product-glymed-US-GM-056R","Comfort Cream with Aloe Vera","comfort-cream-with-aloe-vera","","","","","","","","","","","","","","4500","45","","glymed","skincare","2 fl oz | 59 ml","true","","","","","Calming · Reduces Inflammation","Comfort Cream with Aloe Vera is a soothing daily moisturizer designed to comfort, hydrate, and support skin that feels dry, sensitive, dehydrated or flaky. Formulated with concentrated Aloe Vera, this professional skincare essential helps leave the skin feeling nourished, soft, and replenished while supporting a improved complexion. Helps comfort, moisturize, and refresh skin that feels dry or stressed from everyday environmental exposure. This soothing cosmetic formula supports a soft, smooth, and healthy-looking complexion. Ideal for all skin types, including sensitive skin, Comfort Cream helps improve the look and feel of skin after cleansing, exfoliation, waxing, extractions, or professional skincare services.","","","","","","","","","","","https://cdn.sanity.io/images/4e7axyi7/production/9c0265b0616fc765bcf8462660647b59101f8700-400x400.webp","Comfort Cream with Aloe Vera","","","","","2026-07-01T03:12:10Z","2026-07-01T06:04:15Z","6Uf5dcYnDNc3ONxw9MOmjk","production",""
"Product","product-skinscript-cosmo-intro-kit","Cosmo Intro Kit","cosmo-intro-kit","","","","","","","","","","","","","","","","","skin-script","skincare","","true","","","","","","Designed specifically for cosmetology programs, this curated kit introduces students to the essentials of professional skin care while building confidence in consultation as well as home care recommendations.","","","","","","","","","","","https://cdn.sanity.io/images/4e7axyi7/production/ca25e4c94e703dd24bc9d4cb22cfb831bb48a098-100x100.webp","Cosmo Intro Kit","","","","","2026-07-01T03:12:13Z","2026-07-01T06:20:27Z","6Uf5dcYnDNc3ONxw9MTOeE","production",""
"Product","product-facereality-cran-peptide-cream","Cran-Peptide Cream","cran-peptide-cream","","","","","","","","","","","","","","3300","33","","face-reality","skincare","2 oz","true","","","","","","Dry skin deserves ultra-rich moisture. This restorative, soothing and acne-safe moisturizer contains a dynamic blend of peptides and antioxidants, leaving skin deeply nourished without feeling greasy.","","","","","","","","","","","https://cdn.sanity.io/images/4e7axyi7/production/7798cf3b0a3ca0403300d45af57ab8159d702935-2048x2048.png","Cran-Peptide Cream","","","","","2026-07-01T08:00:10Z","2026-07-01T08:02:17Z","6Uf5dcYnDNc3ONxw9MrgpV","production",""
"Product","product-skinscript-cranberry-turnover-peel","Cranberry Turnover Peel","cranberry-turnover-peel","","","","","","","","","","","","","","","","","skin-script","skincare","","true","","","","","For: Normal to oily","Professional Use Only. Cranberry Turnover Peel is a professional exfoliating treatment formulated with 20% salicylic acid and a blend of antioxidant-supportive botanicals to help refine the skin's surface and improve the appearance of congestion and excess oil.","","","","","","","","","","","https://cdn.sanity.io/images/4e7axyi7/production/c63d82c6a60be448ade032d94dd519387bfd5a0c-2000x2000.webp","Cranberry Turnover Peel","","","","","2026-07-01T03:12:13Z","2026-07-01T06:20:20Z","6Uf5dcYnDNc3ONxw9MTMqu","production",""
"Product","product-skinscript-cucumber-hydration-toner-2","Cucumber Hydration Toner","cucumber-hydration-toner-2","","","","","","","","","","","","","","","","","skin-script","skincare","","true","","","","","","Cucumber Hydration Toner is an award-winning toner formulated to help replenish moisture and support skin comfort after cleansing or exfoliation. Featuring a blend of humectants, plant-derived lipids, and soothing botanical extracts.","","","","","","","","","","","https://cdn.sanity.io/images/4e7axyi7/production/67b89f0a4c0aa5b07aaf2c9ba2eb76bf79583a7b-2000x2000.webp","Cucumber Hydration Toner","","","","","2026-07-01T03:12:13Z","2026-07-01T06:21:09Z","D3X8E2XKt8n8bNnBsS9feI","production",""
"Product","product-daily-ritual-coconut-oil","Daily Ritual Coconut Oil","daily-ritual-coconut-oil","","","","","","","","","","","","","","1800","18","","house-of-rose","skincare","","true","","","","","Supple skin releases hair cleanly.","Lightweight, non-comedogenic coconut body oil that keeps skin supple so hair releases cleanly. Daily, 48 hours+ post-wax.","","","","","","","","","","","","","","","","","2026-06-20T11:36:21Z","2026-06-20T11:36:21Z","GDjKvWcUponpDtl6u0oES0","production",""
"Product","product-glymed-US-GM-037R","Daily Skin Clarifier","daily-skin-clarifier","","","","","","","","","","","","","","5100","51","","glymed","skincare","2 fl oz | 59 ml","true","","","","","Prevention · Reduces Pigmentation · Brightens · Increase Hydration","Daily Skin Clarifier helps brighten the look of uneven skin tone and reduce the appearance of visible discoloration for a more balanced, radiant-looking complexion. Formulated with antioxidant support, it helps promote a clearer, healthier-looking glow with consistent use.","","","","","","","","","","","https://cdn.sanity.io/images/4e7axyi7/production/f73de0730ae37ef10b25955e8546aeb2ba5377fb-400x400.webp","Daily Skin Clarifier","","","","","2026-07-01T03:12:10Z","2026-07-01T06:04:15Z","6Uf5dcYnDNc3ONxw9MOmjk","production",""
"Product","product-skinscript-desert-collection-aloe-and-copper-clay-facial","Desert Collection ~ Aloe and Copper Clay Facial","desert-collection-aloe-and-copper-clay-facial","","","","","","","","","","","","","","","","","skin-script","skincare","","true","","","","","","Aloe Enzyme features a refined blend of exfoliating acids, antioxidants, and skin-soothing botanicals. Lactic and mandelic acids help to exfoliate and refine the appearance of skin texture and reveal a smoother, brighter, and more hydrated complexion.","","","","","","","","","","","https://cdn.sanity.io/images/4e7axyi7/production/7feeee940c698434c7f6da1e12d83c94a7b2b245-2000x2000.webp","Desert Collection ~ Aloe and Copper Clay Facial","","","","","2026-07-01T03:12:13Z","2026-07-01T06:20:33Z","JL5yWZ2fDsPkrNN3bJuDDd","production",""
"Product","product-skinscript-desert-collection-sensory-mists","Desert Collection ~ Sensory Mists","desert-collection-sensory-mists","","","","","","","","","","","","","","","","","skin-script","skincare","","true","","","","","","Renew Sensory Mist: Awaken senses and rejuvenate the spirit with a refreshing aromatic experience designed to restore balance and elevate mood. This luxurious mist blends nature's most grounding and uplifting essences for a truly transformative ritual.","","","","","","","","","","","https://cdn.sanity.io/images/4e7axyi7/production/c921466830176523355aaf378761806bb397745f-1536x1536.webp","Desert Collection ~ Sensory Mists","","","","","2026-07-01T03:12:13Z","2026-07-01T06:21:12Z","D3X8E2XKt8n8bNnBsS9flZ","production",""
"Product","product-glymed-US-GM-034R","Diamond Bright Skin Illuminator","diamond-bright-skin-illuminator","","","","","","","","","","","","","","8200","82","","glymed","skincare","1 fl oz | 30 ml","true","","","","","Reduces Pigmentation · Brightens · Increases Hydration","Diamond Bright Skin Lightener reduces pigmentation and brightens the skin through cutting edge technology, evening out skin tone and dark spots for a younger and brighter-looking complexion. Hyperpigmentation is no match for this brightening serum, performing outstanding result while being safe enough for even expecting mothers.","","","","","","","","","","","https://cdn.sanity.io/images/4e7axyi7/production/bd39e972a8717d97a27fff81c9af74aa35f98f6a-400x400.webp","Diamond Bright Skin Illuminator","","","","","2026-07-01T03:12:10Z","2026-07-01T06:04:15Z","6Uf5dcYnDNc3ONxw9MOmjk","production",""
"Product","product-skinscript-discovery-kit","Discovery Kit","discovery-kit","","","","","","","","","","","","","","","","","skin-script","skincare","","true","","","","","","Discover the essentials of Skin Script. Our Discovery Kit features sample sizes of our classic enzymes and masks, plus our key retail products, giving you a hands-on introduction to the formulas professionals trust.","","","","","","","","","","","https://cdn.sanity.io/images/4e7axyi7/production/3ea225509bf689fc2a424605f833f5930cac757c-100x100.webp","Discovery Kit","","","","","2026-07-01T03:12:13Z","2026-07-01T06:20:14Z","6Uf5dcYnDNc3ONxw9MTKgf","production",""
"Product","product-glymed-US-GM-11ER","Essential Serum with Amino Acids","essential-serum-with-amino-acids","","","","","","","","","","","","","","16600","166","","glymed","skincare","1.69 fl oz | 50 ml","true","","","","","Balances · Calming · Increases Firmness & Elasticity · Increases Hydration · Reduces Fine Lines & Wrinkles","Clinically proven to reduce wrinkles and stimulate collagen production, this ultra-light serum is packed with healing, hydrating, and repairing ingredients for healthy skin. Packed with minerals for healing and luxurious Bulgarian rose oil for soothing any inflammation, this serum is an excellent choice in preventative and corrective skin care.","","","","","","","","","","","https://cdn.sanity.io/images/4e7axyi7/production/8954924edfe66b2f2263acf6e0be0f672377ef8d-400x400.webp","Essential Serum with Amino Acids","","","","","2026-07-01T03:12:10Z","2026-07-01T06:04:15Z","6Uf5dcYnDNc3ONxw9MOmjk","production",""
"Product","product-glymed-US-GM-118R","Essential Shave Cream","essential-shave-cream","","","","","","","","","","","","","","2300","23","","glymed","skincare","4 fl oz | 118 ml","true","","","","","Prevention · Increases Hydration · Reduce Inflammation · Reduce Redness · Reduces Dull & Uneven Texture","Essential Shave Cream lifts and softens hair for a closer shave without razor irritation. Its rich and creamy formula contains ingredients that moisturize, nourish, and hydrate the skin, preventing dead skin buildup that can lead to painful and unsightly ingrown hairs. Not just for men, women love this product too!","","","","","","","","","","","https://cdn.sanity.io/images/4e7axyi7/production/0333a820fe06c4d721fa9d2bb2a9c1ecfd11e126-800x800.webp","Essential Shave Cream","","","","","2026-07-01T03:12:12Z","2026-07-01T07:46:09Z","JL5yWZ2fDsPkrNN3bKHouN","production",""
"Product","product-skinscript-eucalyptus-enzyme","Eucalyptus Enzyme","eucalyptus-enzyme","","","","","","","","","","","","","","","","","skin-script","skincare","","true","","","","","For: calm","Professional non-acid enzyme exfoliating treatment designed to reveal a soft","","","","","","","","","","","https://cdn.sanity.io/images/4e7axyi7/production/e4104089d40a693f89f6811bd6fc75c5521eb3e4-2000x2000.webp","Eucalyptus Enzyme","","","","","2026-07-01T03:12:13Z","2026-07-01T06:19:49Z","D3X8E2XKt8n8bNnBsS9aOH","production",""
"Product","product-skinscript-everyday-balance-travel-kit","Everyday Balance Travel Kit","everyday-balance-travel-kit","","","","","","","","","","","","","","","","","skin-script","skincare","","true","","","","","","Keep skin in balance with gentle antioxidants and lightweight hydration. This travel size set is ideal for normal to combination skin.","","","","","","","","","","","https://cdn.sanity.io/images/4e7axyi7/production/0f962adebae2126c6cab090253ca94e5e64db575-2000x2000.webp","Everyday Balance Travel Kit","","","","","2026-07-01T03:12:13Z","2026-07-01T06:20:59Z","D3X8E2XKt8n8bNnBsS9fDq","production",""
"Product","product-glymed-US-GM-50AR","Exfoliating Cleanser with Salicylic Acid","exfoliating-cleanser-with-salicylic-acid","","","","","","","","","","","","","","4500","45","","glymed","skincare","8 fl oz | 236 ml","true","","","","","Clarifies & Minimizes Pores · Reduces Dull & Uneven Texture · Reduces Oil","Treat acne at its source with the combined power of Salicylic Acid, Aloe Vera, and exfoliating beads. Sal-X Exfoliating Cleanser will slough away layers of dead skin, absorb excess oil, and purge impurities inside the pores. Skin will be left re-energized, restored, and radiant. This cleanser is also a favorite for men!","","","","","","","","","","","https://cdn.sanity.io/images/4e7axyi7/production/ae3880d4f0df1e997155df71511a99c3cb671058-400x400.webp","Exfoliating Cleanser with Salicylic Acid","","","","","2026-07-01T03:12:10Z","2026-07-01T06:04:15Z","6Uf5dcYnDNc3ONxw9MOmjk","production",""
"Product","product-glymed-US-GM-065R","Eye Calm","eye-calm","","","","","","","","","","","","","","4800","48","","glymed","skincare","0.3 fl oz | 10 ml","true","","","","","Prevention · Increases Hydration · Reduces Fine Lines & Wrinkles","Eye Calm is a luxurious blend of natural botanicals, potent antioxidants and skin immune boosting powers that gently tighten and firm around the eyes. Anti-inflammatory botanicals assist in the reduction of dark circles and promote skin health in this delicate area.","","","","","","","","","","","https://cdn.sanity.io/images/4e7axyi7/production/227a3d70de94d76d2446b65c8a4d64c27bbf9e1c-800x800.webp","Eye Calm","","","","","2026-07-01T03:12:13Z","2026-07-01T07:44:38Z","6Uf5dcYnDNc3ONxw9Mo1hC","production",""
"Product","product-skinscript-facial-brush","Facial Brush","facial-brush","","","","","","","","","","","","","","","","","skin-script","skincare","","true","","","","","","Our 2-in-1 Facial Brush is the ultimate skincare companion for both treatment room and at-home use. Designed for versatility, this dual-sided tool streamlines skincare routines by combining precise product application with gentle yet effective exfoliation.","","","","","","","","","","","https://cdn.sanity.io/images/4e7axyi7/production/aa536a6225515b375ffe3e3c5d42b16ba722dbe1-2000x2000.webp","Facial Brush","","","","","2026-07-01T03:12:13Z","2026-07-01T06:19:46Z","JL5yWZ2fDsPkrNN3bJtppT","production",""
"Product","product-skinscript-fan-brush","Fan Brush","fan-brush","","","","","","","","","","","","","","","","","skin-script","skincare","","true","","","","","","This premium fan brush features ultra-soft synthetic fibers and a durable acrylic handle engraved with the Skin Script logo. Designed for professional use, the wide fan shape ensures smooth, even application of masks, enzymes, and peels.","","","","","","","","","","","https://cdn.sanity.io/images/4e7axyi7/production/997c71343d4085b2403c7c3f160466a66746b693-600x600.webp","Fan Brush","","","","","2026-07-01T03:12:13Z","2026-07-01T07:47:41Z","JL5yWZ2fDsPkrNN3bKI9CU","production",""
"Product","product-glymed-US-GM-90ER","Firming Serum with Phyto-Stem Cells","firming-serum-with-phyto-stem-cells","","","","","","","","","","","","","","14200","142","","glymed","skincare","1 fl oz | 30 ml","true","","","","","Reduce Pigmentation · Prevention · Lifts & Firms · Moisturizes","Firming Serum is a multi-tasking serum designed to help visibly improve the look of aging skin. Formulated with phyto-stem cells and amino peptides, this targeted formula helps improve the appearance of firmness, uneven tone, dullness, and loss of elasticity for a smoother, brighter, and more lifted-looking complexion. This formulation uses ingredients that are derived from Swiss Uttwiler Spätlauber apple, which has been shown to be an effective ingredient.","","","","","","","","","","","https://cdn.sanity.io/images/4e7axyi7/production/ce4d44412ceade5ba941ab35a3e29ef08823348e-400x400.webp","Firming Serum with Phyto-Stem Cells","","","","","2026-07-01T03:12:10Z","2026-07-01T06:04:15Z","6Uf5dcYnDNc3ONxw9MOmjk","production",""
"Product","product-glymed-US-GM-27ER","Foaming Cleanser with Amino Acids","foaming-cleanser-with-amino-acids","","","","","","","","","","","","","","4400","44","","glymed","skincare","6 fl oz | 177 ml","true","","","","","Purifies · Balances · Brightens · Calming · Reduce Inflammation · Reduce Redness","This light and foamy wash is a refreshing blend of orange, mandarin, grapefruit, and bergamot that provide an aromatic splash of citrus. Combined with amino acids and natural antioxidants to provide nutrients vital for skin health.","","","","","","","","","","","https://cdn.sanity.io/images/4e7axyi7/production/f1cb9e60b408c4993610e8e143b663c1d15f814f-400x400.webp","Foaming Cleanser with Amino Acids","","","","","2026-07-01T03:12:10Z","2026-07-01T06:04:15Z","6Uf5dcYnDNc3ONxw9MOmjk","production",""
"Product","product-skinscript-fresh-face-travel-kit","Fresh Face Travel Kit","fresh-face-travel-kit","","","","","","","","","","","","","","","","","skin-script","skincare","","true","","","","","","This balancing travel size trio for congested or oily skin types. Clarify and hydrate without the extra shine, perfect for daily use or post-flight refreshes.","","","","","","","","","","","https://cdn.sanity.io/images/4e7axyi7/production/fe33eedfd2743b61ef7e9536f288671b06c2fb8a-2000x2000.webp","Fresh Face Travel Kit","","","","","2026-07-01T03:12:13Z","2026-07-01T06:21:15Z","6Uf5dcYnDNc3ONxw9MTduT","production",""
"Product","product-skinscript-fully-quenched-travel-kit","Fully Quenched Travel Kit","fully-quenched-travel-kit","","","","","","","","","","","","","","","","","skin-script","skincare","","true","","","","","","This travel size trio helps replenish moisture and soothe skin that's feeling parched, whether from travel, treatments, or the environment.","","","","","","","","","","","https://cdn.sanity.io/images/4e7axyi7/production/b4b001360516afc9f4d129074a8441dd33ea5b91-2000x2000.webp","Fully Quenched Travel Kit","","","","","2026-07-01T03:12:13Z","2026-07-01T06:19:15Z","JL5yWZ2fDsPkrNN3bJtg5t","production",""
"Product","product-glymed-US-GM-1901","Gentlemen's Collection","gentlemen-s-collection","","","","","","","","","","","","","","5600","56","","glymed","skincare","1 Kit","true","","","","","Balances · Increases Firmness & Elasticity · Protects · Reduces Fine Lines & Wrinkles · Reduces Oil","Built with simplicity in mind, this powerful men’s kit gets the job done! Comprised of products that are ideal for thoroughly cleansing the skin while infusing it with regenerative antioxidants. Collection includes:
Glycolic Facial Cleanser TRIAL (US-GM-001S)
Hydrating Masque with Enzymes TRIAL (US-GM-061S)
Ultra Hydro Gel TRIAL (US-GM-069S)
Peptide Cream TRIAL (US-GM-083S)
Age Defying Masque TRIAL (US-GM-12ES)
Oil-Free Protective Moisturizer with SPF 15 TRIAL (US-GM-70ES)
GlyMed Plus reserves the right to make product substitutions as necessary.","","","","","","","","","","","https://cdn.sanity.io/images/4e7axyi7/production/0016aa6fba838ed9a2b1de1190ae63b9b195edee-800x800.webp","Gentlemen's Collection","","","","","2026-07-01T03:12:12Z","2026-07-01T07:46:06Z","6Uf5dcYnDNc3ONxw9MoK1L","production",""
"Product","product-facereality-glowtone-corrective-serum","glowTone™ Corrective Serum","glowtone-corrective-serum","","","","","","","","","","","","","","6400","64","","face-reality","skincare","1 oz","true","","","","","","GlowTone Corrective Serum is your go-to brightening solution for skin discoloration such as dark spots, age spots, and uneven skin tone. Featuring the advanced, proprietary Hexa-Bright Complex, a powerful combination of actives, it provides visibly brightening results safely and effectively for all skin types and tones.","","","","","","","","","","","https://cdn.sanity.io/images/4e7axyi7/production/09022d92a03cddb8a34494d6646ec8e13b649540-2048x2048.png","glowTone™ Corrective Serum","","","","","2026-07-01T08:00:10Z","2026-07-01T08:03:32Z","D3X8E2XKt8n8bNnBsSEfzC","production",""
"Product","product-skinscript-glycolic-and-retinol-pads","Glycolic and Retinol Pads","glycolic-and-retinol-pads","","","","","","","","","","","","","","","","","skin-script","skincare","","true","","","","","","Glycolic & Retinol Pads are award-winning exfoliating pads formulated to help improve the appearance of uneven skin tone, texture, and dullness. This professional-grade formula features glycolic acid, retinol, and tone-supportive ingredients such as alpha-arbutin and kojic acid.","","","","","","","","","","","https://cdn.sanity.io/images/4e7axyi7/production/45e2d84ecea63b054fa97444fef6db3f4e896c59-2000x2000.webp","Glycolic and Retinol Pads","","","","","2026-07-01T03:12:13Z","2026-07-01T06:18:25Z","D3X8E2XKt8n8bNnBsS9WpP","production",""
"Product","product-glymed-US-GM-001R","Glycolic Facial Cleanser with 10% Glycolic Acid","glycolic-facial-cleanser-with-10-glycolic-acid","","","","","","","","","","","","","","4100","41","","glymed","skincare","8 fl oz | 236 ml","true","","","","","Deep Clean · Minimizes Pores · Reduce Pigmentation · Purifies · Prevention","Glycolic Facial Cleanser with 10% Glycolic Acid is a paraben-free cleanser formulated to gently exfoliate and help reveal a smoother, brighter-looking complexion. This refreshing cleanser helps improve the appearance of dullness, uneven tone, visible congestion, and rough texture while leaving skin feeling clean and renewed. Ideal for clients looking to support a more refined, radiant-looking complexion, Glycolic Facial Cleanser may be used as directed by a skincare professional.","","","","","","","","","","","https://cdn.sanity.io/images/4e7axyi7/production/f1f48d4e53e984d69d8840097ee215444a9586fb-400x400.webp","Glycolic Facial Cleanser with 10% Glycolic Acid","","","","","2026-07-01T03:12:10Z","2026-07-01T06:04:50Z","6Uf5dcYnDNc3ONxw9MOvou","production",""
"Product","product-facereality-glycolic-lactic-toner","Glycolic-Lactic Toner","glycolic-lactic-toner","","","","","","","","","","","","","","3300","33","","face-reality","skincare","6 oz","true","","","","","","Sometimes oily skin needs an intense intervention. This powerful alpha hydroxy acid-based toner exfoliates and renews, revealing a fresh, refined complexion.","","","","","","","","","","","https://cdn.sanity.io/images/4e7axyi7/production/87d96a0c06bdd56d367977c42ac286b454cf46c1-2048x2048.png","Glycolic-Lactic Toner","","","","","2026-07-01T08:00:10Z","2026-07-01T08:02:28Z","6Uf5dcYnDNc3ONxw9MrjtP","production",""
"Product","3d67ab91-26e7-42cc-9659-d46ef6c864eb","GlyMed+ Beta Gel","glymed-beta-gel","","","","","","","","","","","","","","5200","52","","glymed","skincare","4.0 oz","true","","","","","10% glycolic resurfacing between professional treatments","A 10% glycolic treatment gel that keeps cell turnover moving between in-studio peels.","","","","","","","","","","","https://cdn.sanity.io/images/4e7axyi7/production/4b5f0a67ae8d937888aa106bf2f56a6fb5fbe5b1-400x400.webp","GlyMed+ Beta Gel","","","","","2026-06-10T15:20:33Z","2026-07-01T06:04:15Z","6Uf5dcYnDNc3ONxw9MOmjk","production",""
"Product","7c77f686-c9f8-4da1-a801-395ebb1a62c8","GlyMed+ Bio Renewal Serum","glymed-bio-renewal-serum","","","","","","","","","","","","","","10200","102","","glymed","skincare","1.0 oz","true","","","","","Advanced renewal support for regenerative protocols","A renewal serum that complements collagen-stimulating treatments — a favorite alongside PRF and ProCell series.","","","","","","","","","","","https://cdn.sanity.io/images/4e7axyi7/production/a7c9b526990e17543a4fea6dae25b5f0c9f58df2-400x400.webp","GlyMed+ Bio Renewal Serum","","","","","2026-06-10T15:20:33Z","2026-07-01T06:04:15Z","6Uf5dcYnDNc3ONxw9MOmjk","production",""
"Product","f2517e5a-87d9-4714-a666-dba7f7af819c","GlyMed+ Brilliant Tone","glymed-brilliant-tone","","","","","","","","","","","","","","10200","102","","glymed","skincare","1.69 oz","true","","","","","Targeted tone correction for sun damage and dark spots","The home-care partner to our dark-spot protocols — daily brightening support for uneven tone and photodamage.","","","","","","","","","","","https://cdn.sanity.io/images/4e7axyi7/production/a1b36244f77c4584816cf3167bb9fc50fa5f7526-400x400.webp","GlyMed+ Brilliant Tone","","","","","2026-06-10T15:20:33Z","2026-07-01T06:04:15Z","6Uf5dcYnDNc3ONxw9MOmjk","production",""
"Product","64742079-3c19-47fd-80d4-24246d1c10ad","GlyMed+ Daily Repair Cream","glymed-daily-repair-cream","","","","","","","","","","","","","","9300","93","","glymed","skincare","1.69 oz","true","","","","","Everyday barrier repair and hydration","A daily repair moisturizer that supports the skin barrier through active treatment cycles.","","","","","","","","","","","https://cdn.sanity.io/images/4e7axyi7/production/77288cf20f0cea0475ff5edc5331999511d5879c-400x400.webp","GlyMed+ Daily Repair Cream","","","","","2026-06-10T15:20:33Z","2026-07-01T06:04:15Z","6Uf5dcYnDNc3ONxw9MOmjk","production",""
"Product","e1921416-c625-4e42-b65c-bf8e8dda2894","GlyMed+ Firming Eye Cream","glymed-firming-eye-cream","","","","","","","","","","","","","","7000","70","","glymed","skincare","0.3 oz","true","","","","","Daily firming support for the under-eye area","The home-care companion to under-eye treatments — daily peptide firming for crepey, tired-looking eyes.","","","","","","","","","","","https://cdn.sanity.io/images/4e7axyi7/production/1809672405daba8df709145f28537d7a9f5fa4bf-800x800.webp","GlyMed+ Firming Eye Cream","","","","","2026-06-10T15:20:33Z","2026-07-01T07:44:42Z","6Uf5dcYnDNc3ONxw9Mo2UJ","production",""
"Product","35408807-d839-4564-ba95-4642a1d7cf4a","GlyMed+ Gentle Gel Cleanser","glymed-gentle-gel-cleanser","","","","","","","","","","","","","","3900","39","","glymed","skincare","4.0 oz","true","","","","","Amino-acid cleansing for sensitive and post-procedure skin","The cleanser we recommend in the days after peels and microchanneling — amino-acid gentle, barrier-respectful.","","","","","","","","","","","https://cdn.sanity.io/images/4e7axyi7/production/3eb0185c93c260ed379de5410c38cdbb3d09366e-400x400.webp","GlyMed+ Gentle Gel Cleanser","","","","","2026-06-10T15:20:33Z","2026-07-01T06:04:15Z","6Uf5dcYnDNc3ONxw9MOmjk","production",""
"Product","093568cf-5865-410d-a2fb-bc62da6b4b48","GlyMed+ Oil-Free Protective Moisturizer SPF 30","glymed-oil-free-spf-30","","","","","","","","","","","","","","6000","60","","glymed","skincare","4.0 oz","true","","","","","The non-negotiable — daily SPF that protects your investment","Every treatment we offer ends with the same instruction: SPF, daily. This oil-free SPF 30 is the one we hand you.","","","","","","","","","","","https://cdn.sanity.io/images/4e7axyi7/production/ee6371ffe3f530b596ec8a883e84127b9cbb5cf7-800x800.webp","GlyMed+ Oil-Free Protective Moisturizer SPF 30","","","","","2026-06-10T15:20:33Z","2026-07-01T07:46:54Z","lNfUvdo6EYR6sr3edwzkpW","production",""
"Product","05e450fc-8994-4943-88aa-9ae674c921bd","GlyMed+ Recovery Cream with Arnica","glymed-recovery-cream-arnica","","","","","","","","","","","","","","5600","56","","glymed","skincare","2.0 oz","true","","","","","Post-procedure calm — arnica-powered recovery","Our post-treatment recovery staple: arnica-based comfort for skin in the 72 hours after needling, peels, or injections.","","","","","","","","","","","https://cdn.sanity.io/images/4e7axyi7/production/4e21d59d3eea4eb1b2e4b70ca21b9b175194cf1a-400x400.webp","GlyMed+ Recovery Cream with Arnica","","","","","2026-06-10T15:20:33Z","2026-07-01T06:05:24Z","JL5yWZ2fDsPkrNN3bJpSC0","production",""
"Product","aa3d3da8-516d-459b-9b62-ffef8f432ddd","GlyMed+ Resurfacing Night Cream","glymed-resurfacing-night-cream","","","","","","","","","","","","","","7200","72","","glymed","skincare","1.69 oz","true","","","","","15% glycolic overnight resurfacing","Overnight glycolic renewal for clients building texture results between treatments. Not for use during active peel cycles — we'll guide your timing.","","","","","","","","","","","https://cdn.sanity.io/images/4e7axyi7/production/6d09c3c5c59a2e79d1e8663f7d34d5416bc7e881-400x400.webp","GlyMed+ Resurfacing Night Cream","","","","","2026-06-10T15:20:33Z","2026-07-01T06:06:00Z","JL5yWZ2fDsPkrNN3bJpbET","production",""
"Product","eea50a1f-839e-4e74-a9c6-cffdce0c487b","GlyMed+ Vitamin C Cleanser","glymed-vitamin-c-cleanser","","","","","","","","","","","","","","4700","47","","glymed","skincare","6.75 oz","true","","","","","Brightening daily cleanse with antioxidant vitamin C","A daily antioxidant cleanser that brightens while it cleans — the everyday partner to tone-focused treatments.","","","","","","","","","","","https://cdn.sanity.io/images/4e7axyi7/production/e5324a71ee839908c927b0286df4f07d00aa0a89-400x400.webp","GlyMed+ Vitamin C Cleanser","","","","","2026-06-10T15:20:33Z","2026-07-01T06:06:22Z","D3X8E2XKt8n8bNnBsS8ypD","production",""
"Product","436a591f-8b54-4511-8b03-6f091647e27d","GlyMed+ Vitamin C Cream","glymed-vitamin-c-cream","","","","","","","","","","","","","","9800","98","","glymed","skincare","2.0 oz","true","","","","","Antioxidant moisture with brightening vitamin C","Rich antioxidant hydration that brightens while it protects — ideal for sun-stressed Florida skin.","","","","","","","","","","","https://cdn.sanity.io/images/4e7axyi7/production/bb37e32a480fd06efc868db5c445924dba4fe340-400x400.webp","GlyMed+ Vitamin C Cream","","","","","2026-06-10T15:20:33Z","2026-07-01T06:06:25Z","JL5yWZ2fDsPkrNN3bJpiJR","production",""
"Product","product-skinscript-goji-berry-mask","Goji Berry Yogurt Mask","goji-berry-mask","","","","","","","","","","","","","","","","","skin-script","skincare","","true","","","","","","Professional Use Only. Goji Berry Yogurt Mask is a creamy, nutrient-rich treatment mask formulated to deliver hydration and enhance visible skin radiance and comfort. Featuring goji berry extract, peptides, and yogurt-inspired conditioning ingredients.","","","","","","","","","","","https://cdn.sanity.io/images/4e7axyi7/production/25c3b1c332c274b5bcd6d19f5c2a97a7ba5aceb8-2000x2000.webp","Goji Berry Yogurt Mask","","","","","2026-07-01T03:12:13Z","2026-07-01T06:19:29Z","JL5yWZ2fDsPkrNN3bJtk8j","production",""
"Product","product-skinscript-golden-honey-nourishing-mask","Golden Honey Nourishing Mask","golden-honey-nourishing-mask","","","","","","","","","","","","","","","","","skin-script","skincare","","true","","","","","","Professional Use Only. Golden Honey Nourishing Mask is a luxurious, peptide-infused treatment mask formulated to deliver intensive hydration and enhance the appearance of skin softness and radiance. Beloved for its rich texture and luminous finish.","","","","","","","","","","","https://cdn.sanity.io/images/4e7axyi7/production/ad1fd365d696eaa01c4b13993a5fd5737bd194d0-2000x2000.webp","Golden Honey Nourishing Mask","","","","","2026-07-01T03:12:13Z","2026-07-01T06:21:22Z","6Uf5dcYnDNc3ONxw9MThvJ","production",""
"Product","product-skinscript-golden-tropics-facial","Golden Tropics Facial","golden-tropics-facial","","","","","","","","","","","","","","","","","skin-script","skincare","","true","","","","","For: Normal, oily","The Golden Tropics Facial is a luxurious fusion of jackfruit, coconut, and turmeric that delivers a radiant, vacation-worthy glow. Its sweet, tropical aromatics transport your clients to a warm, golden beach at sunset, creating a deeply immersive experience.","","","","","","","","","","","https://cdn.sanity.io/images/4e7axyi7/production/414946ea61ba9e0e4716f6c548ae3f096eecc048-2000x2000.webp","Golden Tropics Facial","","","","","2026-07-01T03:12:13Z","2026-07-01T06:18:13Z","D3X8E2XKt8n8bNnBsS9WGM","production",""
"Product","product-facereality-hydrabalance","hydraBalance Gel","hydrabalance-gel","","","","","","","","","","","","","","3400","34","","face-reality","skincare","1.7 oz","true","","","","","","Is your skin in need a hydration boost? hydraBalance Gel is designed to support clearer-looking skin with a cooling, lightweight, hydrating gel formula that absorbs quickly to quench skin while perfectly balancing oil levels.Perfect for oily and combination skin types.","","","","","","","","","","","https://cdn.sanity.io/images/4e7axyi7/production/021ca5a674b01aae66f22a71795ba8f9f1314b21-2048x2048.png","hydraBalance Gel","","","","","2026-07-01T08:00:10Z","2026-07-01T08:01:24Z","6Uf5dcYnDNc3ONxw9MrO8R","production",""
"Product","product-facereality-hydracalm-mask","hydraCalm Mask","hydracalm-mask","","","","","","","","","","","","","","4200","42","","face-reality","skincare","2.5 oz","true","","","","","","When dry skin is crying out for relief, quench it with this intensely hydrating mask. Full of ultra-soothing ingredients, our hydraCalm Mask restores moisture, boosts hydration and calms your skin.","","","","","","","","","","","https://cdn.sanity.io/images/4e7axyi7/production/264927c93e8031d87de11394068a5feda4c60642-2048x2048.png","hydraCalm Mask","","","","","2026-07-01T08:00:10Z","2026-07-01T08:02:39Z","JL5yWZ2fDsPkrNN3bKMmCM","production",""
"Product","product-facereality-hydraremedy-gel-serum","hydraRemedy™ Gel Serum","hydraremedy-gel-serum","","","","","","","","","","","","","","4600","46","","face-reality","skincare","1.7 oz","true","","","","","","Designed to deeply hydrate the skin, this multifaceted, acne-safe serum is the solution for calming and soothing all skin types. It reduces the appearance of redness and irritation, and offers support for a healthy skin barrier. Recommended for all skin types, especially dry and sensitive skin.","","","","","","","","","","","https://cdn.sanity.io/images/4e7axyi7/production/4a5d806d9b55ccde1eaf47b47a316ac52b70c248-2048x2048.png","hydraRemedy™ Gel Serum","","","","","2026-07-01T08:00:10Z","2026-07-01T08:01:39Z","JL5yWZ2fDsPkrNN3bKLb3f","production",""
"Product","product-glymed-US-GM-063R","Hydrating Hand & Body Lotion","hydrating-hand-body-lotion","","","","","","","","","","","","","","3200","32","","glymed","skincare","4 fl oz | 118 ml","true","","","","","Balances · Increases Hydration · Moisturizes","Hydrating Hand & Body Lotion makes the skin feel young and radiant all over. Tropical butters smooth and soften the skin while pure botanical extracts and nutrients reach deep inside to activate the skin’s natural beauty and suppleness.","","","","","","","","","","","https://cdn.sanity.io/images/4e7axyi7/production/d5e3600b52951c4f0807e0bb81e0bee02a9e2c78-800x800.webp","Hydrating Hand & Body Lotion","","","","","2026-07-01T03:12:12Z","2026-07-01T07:45:46Z","6Uf5dcYnDNc3ONxw9MoEge","production",""
"Product","product-glymed-US-GM-035R","Hydrating Lip Balm","hydrating-lip-balm","","","","","","","","","","","","","","1700","17","","glymed","skincare","0.5 fl oz | 15 ml","true","","","","","Moisturizes · Plumps","Hydrating Lip Balm helps moisturize, soften, and smooth dry-feeling lips with a nourishing blend of jojoba, avocado oil, and sunflower seed oil. This comfortable balm glides on easily, leaving lips feeling conditioned, refreshed, and minty fresh.","","","","","","","","","","","https://cdn.sanity.io/images/4e7axyi7/production/4de3a8b90e99f8352a9985b18429c2b0b9818d4d-800x800.webp","Hydrating Lip Balm","","","","","2026-07-01T03:12:13Z","2026-07-01T07:46:02Z","lNfUvdo6EYR6sr3edwzaO5","production",""
"Product","product-glymed-US-GM-061R","Hydrating Masque with Enzymes","hydrating-masque-with-enzymes","","","","","","","","","","","","","","5400","54","","glymed","skincare","2 fl oz | 59 ml","true","","","","","Increases Hydration · Reduces Dull & Uneven Texture","Hydrating Masque with Enzymes is a refreshing facial masque designed to help gently exfoliate and replenish moisture for a smoother, softer-looking complexion. Formulated with hydrating botanicals and antioxidant support, this comforting masque helps improve the appearance of dry, dehydrated, or dull-looking skin while leaving the complexion feeling refreshed, moisturized, and radiant.","","","","","","","","","","","https://cdn.sanity.io/images/4e7axyi7/production/33ec9041420b39e887cc958d01127d0fc2cc72e6-800x800.webp","Hydrating Masque with Enzymes","","","","","2026-07-01T03:12:12Z","2026-07-01T07:45:51Z","6Uf5dcYnDNc3ONxw9MoG3m","production",""
"Product","product-skinscript-hydrating-moisturizer","Hydrating Moisturizer","hydrating-moisturizer","","","","","","","","","","","","","","","","","skin-script","skincare","","true","","","","","For: All, Dry","Hydrating Moisturizer is a rich, comforting cream formulated to deliver long-lasting moisture and enhance the appearance of skin softness and suppleness. Powered by shea butter, cocoa butter, and honey-derived ingredients, this velvety formula helps nourish dry-looking skin.","","","","","","","","","","","https://cdn.sanity.io/images/4e7axyi7/production/403834f2efadabda489b08b1109ebd8f838c4015-2000x2000.webp","Hydrating Moisturizer","","","","","2026-07-01T03:12:14Z","2026-07-01T06:18:10Z","6Uf5dcYnDNc3ONxw9MSRex","production",""
"Product","product-glymed-US-GM-123R","Hydrating Protection Gel with SPF 15","hydrating-protection-gel-with-spf-15","","","","","","","","","","","","","","4900","49","","glymed","skincare","4 fl oz | 118 ml","true","","","","","Hydrates · Prevents · Protects","Protect and moisturize your skin with this FDA tested and approved, ultra-light, water-based UVA/UVB broad-spectrum formula. This SPF 15 integrates the power of professional-grade ingredients to immediately deliver antioxidants, providing anti-aging benefits to protect skin from free radical damage.","","","","","","","","","","","https://cdn.sanity.io/images/4e7axyi7/production/7ea42cca17e4b2ece9f7570119428ef349243145-800x800.webp","Hydrating Protection Gel with SPF 15","","","","","2026-07-01T03:12:12Z","2026-07-01T07:47:09Z","JL5yWZ2fDsPkrNN3bKI0Ph","production",""
"Product","product-glymed-US-GM-122R","Hydrating Protection Gel with SPF 30","hydrating-protection-gel-with-spf-30","","","","","","","","","","","","","","5800","58","","glymed","skincare","4 fl oz | 118 ml","true","","","","","Hydrates · Prevents · Protects","Protect and moisturize your skin with this FDA tested and approved, ultra-light, water-based UVA/UVB broad-spectrum formula. This SPF 30 integrates the power of professional-grade ingredients to immediately deliver antioxidants providing anti-aging benefits to protect skin from free radical damage.","","","","","","","","","","","https://cdn.sanity.io/images/4e7axyi7/production/3a93d64070b6a8d09cec49ef80cfb916ecefa326-800x800.webp","Hydrating Protection Gel with SPF 30","","","","","2026-07-01T03:12:12Z","2026-07-01T07:44:54Z","D3X8E2XKt8n8bNnBsSDgOF","production",""
"Product","product-glymed-US-GM-74ER","Idyllic Cleanser with 3% Mandelic Acid","idyllic-cleanser-with-3-mandelic-acid","","","","","","","","","","","","","","4100","41","","glymed","skincare","8 fl oz | 236 ml","true","","","","","Deep Clean · Minimizes Pores · Reduce Pigmentation · Purifies · Prevention","Idyllic Cleanser is a preferred home care cleanser formulated with 3% mandelic acid to gently exfoliate and help reveal a brighter, smoother-looking complexion. This mild-active cleanser helps refine the appearance of uneven texture, dullness, and visible congestion while supporting a fresh, balanced feel after cleansing. Suitable for most skin types and skin tones, Idyllic Cleanser may be used daily as directed by a skincare professional.","","","","","","","","","","","https://cdn.sanity.io/images/4e7axyi7/production/240bb6bf0b9ee83da7c8f2f4084d2a252d201eb8-400x400.webp","Idyllic Cleanser with 3% Mandelic Acid","","","","","2026-07-01T03:12:10Z","2026-07-01T06:04:53Z","6Uf5dcYnDNc3ONxw9MOwIN","production",""
"Product","product-facereality-invisiclear-hydrocolloid-spot-patches","invisiClear™ Hydrocolloid Spot Patches","invisiclear-hydrocolloid-spot-patches","","","","","","","","","","","","","","12500","125","","face-reality","skincare","25 Pack","true","","","","","","invisiClear™ hydrocolloid spot patches are designed to support your skin clearing journey. Our professional-grade patches act as a transparent aid that drains, absorbs moisture and pus and flattens pustules and papules. InvisiClear™ also helps prevent picking and protects skin from external aggressors and debris.","","","","","","","","","","","https://cdn.sanity.io/images/4e7axyi7/production/042bff842b62159ae6e09f06140b30cef75f002d-2048x2048.png","invisiClear™ Hydrocolloid Spot Patches","","","","","2026-07-01T08:00:10Z","2026-07-01T08:03:36Z","D3X8E2XKt8n8bNnBsSEg7n","production",""
"Product","product-skinscript-jackfruit-enzyme","Jackfruit Enzyme","jackfruit-enzyme","","","","","","","","","","","","","","","","","skin-script","skincare","","true","","","","","For: Most skin types","Professional Use Only. Jackfruit Enzyme is a mild exfoliating treatment formulated with pyruvic acid, bromelain, and mandelic acid to help soften the look of skin and improve the appearance of uneven tone.","","","","","","","","","","","https://cdn.sanity.io/images/4e7axyi7/production/18a99518ed7b015a7fe3e12f09f3906767b1317f-2000x2000.webp","Jackfruit Enzyme","","","","","2026-07-01T03:12:14Z","2026-07-01T06:20:37Z","D3X8E2XKt8n8bNnBsS9dmZ","production",""
"Product","product-skinscript-lemon-honey-signature-facial","Lemon Honey Signature Facial","lemon-honey-signature-facial","","","","","","","","","","","","","","","","","skin-script","skincare","","true","","","","","","Award-winning Lemon Zest Enzyme is a professional exfoliating treatment formulated to help improve the appearance of dullness and uneven-looking skin tone. This energizing enzyme combines vitamin C with natural fruit acids and enzymes to help refine the skin's surface.","","","","","","","","","","","https://cdn.sanity.io/images/4e7axyi7/production/d8fea8e7936c5b4a4af34a4ebf763e6ab38bd514-100x100.webp","Lemon Honey Signature Facial","","","","","2026-07-01T03:12:14Z","2026-07-01T06:18:22Z","D3X8E2XKt8n8bNnBsS9Wg9","production",""
"Product","product-skinscript-lemon-zest-enzyme","Lemon Zest Enzyme","lemon-zest-enzyme","","","","","","","","","","","","","","","","","skin-script","skincare","","true","","","","","For: Normal to dry","Professional Use Only. Award-winning Lemon Zest Enzyme is a professional exfoliating treatment formulated to help improve the appearance of dullness and uneven-looking skin tone. This energizing enzyme combines vitamin C with natural fruit acids and enzymes.","","","","","","","","","","","https://cdn.sanity.io/images/4e7axyi7/production/927fc2654767ecfa0c100c97edabbc3e07b2a224-2000x2000.jpg","Lemon Zest Enzyme","","","","","2026-07-01T03:12:14Z","2026-07-01T06:19:08Z","JL5yWZ2fDsPkrNN3bJtehf","production",""
"Product","product-skinscript-light-aloe-moisturizer","Light Aloe Moisturizer","light-aloe-moisturizer","","","","","","","","","","","","","","","","","skin-script","skincare","","true","","","","","For: Oily","Light Aloe Moisturizer is a refreshing, oil-free daily moisturizer formulated to deliver lasting hydration while supporting skin comfort and balance. Featuring soothing aloe vera, sodium hyaluronate, and antioxidant-supportive ingredients.","","","","","","","","","","","https://cdn.sanity.io/images/4e7axyi7/production/ff4389e6f7bf04dd5c71ec200b14731d93b8ed3c-2000x2000.webp","Light Aloe Moisturizer","","","","","2026-07-01T03:12:14Z","2026-07-01T06:21:46Z","D3X8E2XKt8n8bNnBsS9hO5","production",""
"Product","product-skinscript-lip-balm-with-spf-15","Lip Balm with SPF 15","lip-balm-with-spf-15","","","","","","","","","","","","","","","","","skin-script","skincare","","true","","","","","","This lip balm features a tropical-inspired flavor and broad-spectrum SPF 15 to help protect lips from sun exposure during daily wear. Enriched with conditioning ingredients like shea butter and vitamin E.","","","","","","","","","","","https://cdn.sanity.io/images/4e7axyi7/production/2beb83e32391655dfd5c465cb2653efaf5604096-2000x2000.webp","Lip Balm with SPF 15","","","","","2026-07-01T03:12:14Z","2026-07-01T06:21:43Z","D3X8E2XKt8n8bNnBsS9hCB","production",""
"Product","product-glymed-US-GM-82ER","Lip Enhancer with Warming Actives","lip-enhancer-with-warming-actives","","","","","","","","","","","","","","4600","46","","glymed","skincare","0.3 fl oz | 10 ml","true","","","","","Lift & Firm · Moisturizes · Plumps","This lip care is packed with moisturizing emollients and powerful peptides to diminish fine lines to support a youthful and smooth lip line border. Natural and safe plumping ingredients give the lips a fuller appearance instantly.","","","","","","","","","","","https://cdn.sanity.io/images/4e7axyi7/production/c3e41a70a822c9f17fa958f49cd4ee369d81c26e-800x800.webp","Lip Enhancer with Warming Actives","","","","","2026-07-01T03:12:13Z","2026-07-01T07:47:06Z","6Uf5dcYnDNc3ONxw9MoUaB","production",""
"Product","product-glymed-US-GM-51AR","Mattifying Sulfur Masque","mattifying-sulfur-masque","","","","","","","","","","","","","","5000","50","","glymed","skincare","4 fl oz | 118 ml","true","","","","","Clarifies · Reduces Inflammation & Oil","Sulfur has been proven to be beneficial when treating acne. This therapeutic clay-based masque kills bacteria, removes dead skin cells, and absorbs excess oil. Once removed, the skin feels smooth and revitalized.","","","","","","","","","","","https://cdn.sanity.io/images/4e7axyi7/production/b5ba92ad50856fbfb62f7531baf89144ab5a5023-800x800.webp","Mattifying Sulfur Masque","","","","","2026-07-01T03:12:12Z","2026-07-01T07:44:23Z","6Uf5dcYnDNc3ONxw9Mnz0D","production",""
"Product","product-glymed-US-GM-057R","Mega Cream Cleanser","mega-cream-cleanser","","","","","","","","","","","","","","4300","43","","glymed","skincare","6.75 fl oz | 200 ml","true","","","","","Purifies · Calming · Increases Hydration","This ultra-gentle cleanser instantly dissolves makeup, oil and debris on the skin to provide a deep clean. It also contains the age-defying antioxidant Vitamin E to combat dryness and the harmful irritants that lead to premature aging. Use it as a first cleanse to remove makeup, including on the eyes. It is also safe for lash extensions.","","","","","","","","","","","https://cdn.sanity.io/images/4e7axyi7/production/5673208e3a8bb14547324e1bdde81aa749b21c5e-400x400.webp","Mega Cream Cleanser","","","","","2026-07-01T03:12:10Z","2026-07-01T06:04:55Z","6Uf5dcYnDNc3ONxw9MOwSC","production",""
"Product","product-skinscript-mint-refining-toner","Mint Refining Toner","mint-refining-toner","","","","","","","","","","","","","","","","","skin-script","skincare","","true","","","","","For: Normal to oily","Mint Refining Toner is a clarifying, astringent toner formulated to help refine the appearance of pores and refresh oily or congestion-prone skin. Featuring a blend of botanical extracts and natural astringents, this toner helps remove residual surface buildup.","","","","","","","","","","","https://cdn.sanity.io/images/4e7axyi7/production/c5e74f6c5ad8eb21cb7baf6ba3c20c58b95eb153-2000x2000.webp","Mint Refining Toner","","","","","2026-07-01T03:12:14Z","2026-07-01T06:19:33Z","JL5yWZ2fDsPkrNN3bJtl9R","production",""
"Product","product-glymed-US-GM-005R","Moisturizing Protection Cream with SPF 15","moisturizing-protection-cream-with-spf-15","","","","","","","","","","","","","","6000","60","","glymed","skincare","2 fl oz | 59 ml","true","","","","","Moisturizes · Protects","An anti-aging moisturizer that incorporates FDA-approved broad-spectrum SPF and hydrating skin protectants. This amazing multitasker is a sunscreen and moisturizer, making it the perfect cream for those who demand simplicity and results without the fuss.","","","","","","","","","","","https://cdn.sanity.io/images/4e7axyi7/production/d5df0fe42b3c76f1ec9594cae17c86fc94d32da8-800x800.webp","Moisturizing Protection Cream with SPF 15","","","","","2026-07-01T03:12:12Z","2026-07-01T07:44:26Z","D3X8E2XKt8n8bNnBsSDfY0","production",""
"Product","product-glymed-US-GM-138R","Moisturizing Protection Cream with SPF 30","moisturizing-protection-cream-with-spf-30","","","","","","","","","","","","","","7100","71","","glymed","skincare","2 fl oz | 59 ml","true","","","","","Prevention · Anti-Aging · Increases Hydration · Moisturizes · Protects","An anti-aging moisturizer that incorporates FDA-approved broad-spectrum SPF and hydrating skin protectants. This amazing multitasker is a sunscreen and moisturizer, making it the perfect cream for those who demand simplicity and results without the fuss.","","","","","","","","","","","https://cdn.sanity.io/images/4e7axyi7/production/37401ccb23535de678a7016b57816b7c880fbf62-800x800.webp","Moisturizing Protection Cream with SPF 30","","","","","2026-07-01T03:12:12Z","2026-07-01T07:46:12Z","lNfUvdo6EYR6sr3edwzcIE","production",""
"Product","product-glymed-US-GM-70ER","Oil-Free Protective Moisturizer with SPF 15","oil-free-protective-moisturizer-with-spf-15","","","","","","","","","","","","","","5600","56","","glymed","skincare","4 fl oz | 118 ml","true","","","","","Prevention · Anti-Aging · Protects · Reduce Fine Lines & Wrinkles","This simple moisturizing and sun protection combo helps to keep skin protected and hydrated at the same time. Our lightweight oil-free formula contains broad-spectrum sunscreens to protect against UVA & UVB rays without leaving the skin heavy or greasy. Daily application is recommended to protect the skin from damaging free radicals while providing essential moisture to prevent premature aging.","","","","","","","","","","","https://cdn.sanity.io/images/4e7axyi7/production/ad15361a62024c413101960f4290c635c4ffea6d-800x800.webp","Oil-Free Protective Moisturizer with SPF 15","","","","","2026-07-01T03:12:12Z","2026-07-01T07:44:51Z","6Uf5dcYnDNc3ONxw9Mo4bH","production",""
"Product","product-glymed-US-GM-71ER","Oil-Free Protective Moisturizer with SPF 30","oil-free-protective-moisturizer-with-spf-30","","","","","","","","","","","","","","6000","60","","glymed","skincare","4 fl oz | 118 ml","true","","","","","Prevention · Anti-Aging · Protects · Reduce Fine Lines & Wrinkles","This simple moisturizing and sun protection combo helps to keep skin protected and hydrated at the same time. Our lightweight oil-free formula contains broad-spectrum sunscreens to protect against UVA & UVB rays without leaving the skin heavy or greasy. Daily application is recommended to protect the skin from damaging free radicals while providing essential moisture to prevent premature aging.","","","","","","","","","","","https://cdn.sanity.io/images/4e7axyi7/production/ee6371ffe3f530b596ec8a883e84127b9cbb5cf7-800x800.webp","Oil-Free Protective Moisturizer with SPF 30","","","","","2026-07-01T03:12:12Z","2026-07-01T07:45:43Z","D3X8E2XKt8n8bNnBsSDi8h","production",""
"Product","product-glymed-US-GM-72ER","Oil-Free Protective Moisturizer with SPF 50","oil-free-protective-moisturizer-with-spf-50","","","","","","","","","","","","","","6200","62","","glymed","skincare","4 fl oz | 118 ml","true","","","","","Prevention · Anti-Aging · Protects · Reduce Fine Lines & Wrinkles","This simple moisturizing and sun protection combo helps to keep skin protected and hydrated at the same time. Our lightweight oil-free formula contains broad-spectrum sunscreens to protect against UVA & UVB rays without leaving the skin heavy or greasy. Daily application is recommended to protect the skin from damaging free radicals while providing essential moisture to prevent premature aging.","","","","","","","","","","","https://cdn.sanity.io/images/4e7axyi7/production/b751164cdddf7fe5ee6fc89c9908c9557f5070ae-800x800.webp","Oil-Free Protective Moisturizer with SPF 50","","","","","2026-07-01T03:12:12Z","2026-07-01T07:46:45Z","D3X8E2XKt8n8bNnBsSDkOE","production",""
"Product","product-glymed-US-GM-029R","Oxygen Cream","oxygen-cream","","","","","","","","","","","","","","6900","69","","glymed","skincare","1.69 fl oz | 50 ml","true","","","","","Balances · Brightens & Increases Hydration · Minimizes Pore","This light and elegant soufflé is formulated with oxygen to detoxify and breathe life back into dull tired skin. The perfect solution to fight aging + acne and leaves the skin incredibly soft, fresh, and luminous!","","","","","","","","","","","https://cdn.sanity.io/images/4e7axyi7/production/c64d986a5e49d73334b43faeceec962b28fba00e-400x400.webp","Oxygen Cream","","","","","2026-07-01T03:12:12Z","2026-07-01T06:04:58Z","D3X8E2XKt8n8bNnBsS8v5l","production",""
"Product","product-glymed-US-GM-016R","Oxygen Deep Pore Masque","oxygen-deep-pore-masque","","","","","","","","","","","","","","6200","62","","glymed","skincare","1.69 fl oz | 50 ml","true","","","","","Deep Clean · Minimizes Pores · Purifies · Brightens","This light and elegant soufflé is formulated with oxygen to promote healthy skin cells and hydrate and aerate your skin's natural barrier. This process helps the skin appear smoother and more luminous while oxygenating the skin barrier for deep hydration. Breathe life into dull and tired skin for a refreshed and replenished feel after cleansing, leaving the complexion looking clean, hydrated, and balanced.","","","","","","","","","","","https://cdn.sanity.io/images/4e7axyi7/production/0b80a95901ab80a0aa4bcc6d8dc4b3e9a7bc4d4a-800x800.webp","Oxygen Deep Pore Masque","","","","","2026-07-01T03:12:12Z","2026-07-01T07:45:32Z","JL5yWZ2fDsPkrNN3bKHgZ1","production",""
"Product","product-skinscript-passionfruit-enzyme","Passionfruit Enzyme","passionfruit-enzyme","","","","","","","","","","","","","","","","","skin-script","skincare","","true","","","","","","Professional Use Only. Passionfruit Enzyme delivers enzymatic exfoliation with natural fruit enzymes to help refine the appearance of skin texture and reveal a fresh, radiant-looking complexion. Antioxidant-rich passionfruit helps support a healthy-looking glow.","","","","","","","","","","","https://cdn.sanity.io/images/4e7axyi7/production/fb638e721b43f4373f667659ac17aa9f9b563fdb-2000x2000.webp","Passionfruit Enzyme","","","","","2026-07-01T03:12:14Z","2026-07-01T06:18:16Z","D3X8E2XKt8n8bNnBsS9WQH","production",""
"Product","product-glymed-US-GM-14ER","Peptide Firming Cleanser","peptide-firming-cleanser","","","","","","","","","","","","","","10000","100","","glymed","skincare","6.75 fl oz | 200 ml","true","","","","","Purifies · Calming · Increases Firmness & Elasticity · Increases Hydration","The Peptide Cleanser with PC10 is an elegant blend of rich emollients, powerful peptides, and botanicals that promote health within our skin cells. This creamy cleanser is perfect for performing facial massage and will leave the skin feeling smooth, hydrated, and youthful.","","","","","","","","","","","https://cdn.sanity.io/images/4e7axyi7/production/a73071cce3b1a4394ba226c02631de3fbb17a6f8-400x400.webp","Peptide Firming Cleanser","","","","","2026-07-01T03:12:10Z","2026-07-01T06:05:01Z","JL5yWZ2fDsPkrNN3bJpLs4","production",""
"Product","product-glymed-US-GM-28ER","Peptide Micro Scrub","peptide-micro-scrub","","","","","","","","","","","","","","7200","72","","glymed","skincare","2 fl oz | 59 ml","true","","","","","Deep Clean · Minimizes Pores · Reduce Dull & Uneven Texture","Micro Scrub is the perfect alternative to microdermabrasion and is safer for the skin too. This phenomenal scrub contains exfoliating action of corundum crystals that break away dead skin buildup leaving the skin incredibly smooth and polished.","","","","","","","","","","","https://cdn.sanity.io/images/4e7axyi7/production/fb146cb9bc31895c7d0ba7bbe172b21226db15cd-400x400.webp","Peptide Micro Scrub","","","","","2026-07-01T03:12:10Z","2026-07-01T06:05:04Z","JL5yWZ2fDsPkrNN3bJpNCN","production",""
"Product","product-glymed-US-GM-40ER","Peptide Serum","peptide-serum","","","","","","","","","","","","","","10000","100","","glymed","skincare","1 fl oz | 30 ml","true","","","","","Prevention · Anti-Aging · Calming · Protects · Reduces Inflammation","Activate the skin's self-defense system with this barrier repair formulation. This peptide serum reduces DNA oxidation, neutralizes free radicals, and increases antioxidants to fight against environmental and chronological aging.","","","","","","","","","","","https://cdn.sanity.io/images/4e7axyi7/production/af102d0ca3f911749d85353bea0d19b99f17234d-400x400.webp","Peptide Serum","","","","","2026-07-01T03:12:10Z","2026-07-01T06:05:07Z","JL5yWZ2fDsPkrNN3bJpO9A","production",""
"Product","product-glymed-US-GM-026R","Pigment Brightening Serum","pigment-brightening-serum","","","","","","","","","","","","","","5000","50","","glymed","skincare","2 fl oz | 59 ml","true","","","","","Prevention · Brightens · Reduces Pigmentation & Redness","Thirty days to brighter, clearer skin. Derma Pigment Skin Brightener is a revolutionary serum formulated to fade sunspots, pigmentation, and age spots, for the gradual fading of pigmentary disorders without the use of hydroquinone.","","","","","","","","","","","https://cdn.sanity.io/images/4e7axyi7/production/4604225cc1e0a6283536827a9b843de60e5e42fd-400x400.webp","Pigment Brightening Serum","","","","","2026-07-01T03:12:10Z","2026-07-01T06:05:09Z","D3X8E2XKt8n8bNnBsS8vUt","production",""
"Product","product-glymed-US-GM-KT08","Post-Procedural Essentials Kit","post-procedural-essentials-kit","","","","","","","","","","","","","","14600","146","","glymed","skincare","3.75 oz","true","","","","","Balances · Calming · Increases Hydration · Moisturizes · Plumps · Protects · Reduce Inflammation · Reduce Redness","Repairing and healing skin is essential after moderate treatments. Treatments like chemical peels, microdermabrasion and cavitation leave skin lacking the nutrients it needs in order to actively heal. This system was designed to help boost the healing and repairing process for faster and better results after treatments. Contains these products:
Mega Cream Cleanser (US-GM-057T, 1.0 oz / 30 mL),
Hydrating Masque with Enzymes (US-GM-061T, 1.0 oz / 30 mL),
Recovery Cream with Arnica (US-GM-067T, 0.5 oz / 15 mL),
Daily Skin Clarifier (US-GM-037T, 0.25 oz / 7 mL),
Ultra Hydro Gel (US-GM-069T, 0.5 oz / 15 mL),
Moisturizing Protection Cream with SPF 30 (US-GM-138T, 0.5 oz / 15 mL),
Chilly Pillow Cold Pack","","","","","","","","","","","https://cdn.sanity.io/images/4e7axyi7/production/8bece36c730216f15c513f98e79a18f18c5030b3-800x800.webp","Post-Procedural Essentials Kit","","","","","2026-07-01T03:12:12Z","2026-07-01T07:44:34Z","6Uf5dcYnDNc3ONxw9Mo13u","production",""
"Product","product-glymed-US-GM-KT07","Pre-Procedural Essentials Kit","pre-procedural-essentials-kit","","","","","","","","","","","","","","11000","110","","glymed","skincare","3.75 oz","true","","","","","Reduce Pigmentation · Prevention · Anti-Aging · Brightens & Tightens · Increases Hydration · Moisturizes · Reduce Dull & Uneven Texture","Before starting moderate treatments it’s important to prepare the skin for optimum health in order to see absolute results. This system helps to exercise and actively prepare skin for chemical peels, laser, microneedling and microdermabrasion. Contains these products:
Glycolic Facial Cleanser with 10% Glycolic Acid (US-GM-001T, 1.0 oz / 30 mL),
Pigment Brightening Serum (US-GM-026T, 0.25 oz / 7 mL),
Anti-Aging Exfoliant Masque (US-GM-008T, 1.0 oz / 30 mL),
Daily Repair Cream (US-GM-058T, 0.5 oz / 15 mL),
Resurfacing Night Cream with 15% Glycolic Acid (US-GM-003T, 0.5 oz / 15 mL),
Moisturizing Protection Cream with SPF 30 (US-GM-138T, 0.5 oz / 15 mL)","","","","","","","","","","","https://cdn.sanity.io/images/4e7axyi7/production/244fd00f6b37a5c8c7a6dfeb6d00965491948680-800x800.webp","Pre-Procedural Essentials Kit","","","","","2026-07-01T03:12:12Z","2026-07-01T07:46:59Z","D3X8E2XKt8n8bNnBsSDkvI","production",""
"Product","22adbae9-6727-40b8-95cf-53bf8e55c595","ProCell MD Aftercare Step 1 — Cellular Renewal Serum","procell-md-step-1-cellular-renewal-serum","","","","","","","","","","","","","","15000","150","","procell","skincare","30ml","true","","","","","The daily serum that continues your microchanneling results at home","Step 1 of the ProCell MD home protocol: stem-cell-derived growth factors in a daily serum that extends the cellular renewal your in-studio treatments began. The MD formulation is the strongest available — reserved for clients in active treatment series. Apply morning and evening to clean skin.","","","","","","","","","","","https://cdn.sanity.io/images/4e7axyi7/production/e9c96e964264515c7526ec3a648a8ea097621020-1946x1946.webp","","","","","","2026-06-10T15:19:25Z","2026-07-11T08:11:41Z","bz0Gljj5v4JEeGYN70VOUF","production",""
"Product","5dea8b8d-1932-4762-bbb5-799a9b8e91bc","ProCell MD Aftercare Step 2 — Healing Accelerator","procell-md-step-2-healing-accelerator","","","","","","","","","","","","","","16000","160","","procell","skincare","30ml","true","true","0.5","true","","Step 2 of the MD protocol — recovery, accelerated","The companion to Step 1: the MD-strength healing accelerator that supports skin recovery between microchanneling sessions and keeps results compounding.

The second step in our dynamic two-step skin rejuvenation system. This serum is specially formulated to work in tandem with our Cellular Renewal Growth Factor Serum to enhance its effects and accelerate the healing process.

The highly concentrated growth factor serums in our serum are known to play a key role in tissue repair and regeneration. By promoting the growth of new, healthy skin cells, our serum helps to reduce the appearance of fine lines, wrinkles, and other signs of aging. With regular use, you can expect to see smoother, more radiant, and more youthful-looking skin.

This serum is also paraben-free, fragrance-free, and cruelty-free, making it a safe and effective choice for all skin types. Simply apply PRO Aftercare Step 2, Healing Accelerator Serum 30 seconds after after Step 1, Cellular Renewal Growth Factor Serum, to achieve optimal results.

Experience the power of MD Aftercare Step 2, Healing Accelerator Serum, and discover the secret to healthier, more youthful-looking skin. 

*Contains double the amount of growth factors then the PRO version","","","","","","","","","","","https://cdn.sanity.io/images/4e7axyi7/production/c8cd4e814b7df3f051a6b9410de41128f9b19d30-577x869.jpg","Procell MD Step 2","","","","","2026-06-10T15:20:33Z","2026-07-22T06:10:07Z","FOc3p5EymcgKmBZ2hvRad9","production",""
"Product","0dc47f4d-97ca-4824-bc3a-00f6e49dd404","ProCell MD Aftercare Trial Set","procell-md-aftercare-trial-set","","","","","","","","","","","","","","4500","45","","procell","skincare","","true","","","","","Procell MD travel size steps 1 & 2","Procell MD Step 1 + Step 2 — the exact protocol used after your in-studio sessions.","","","","","","","","","","","https://cdn.sanity.io/images/4e7axyi7/production/99b2e991bb442760e18e364da9fb17b0dcc54041-554x554.webp","Procell MD Trial set","","","","","2026-06-10T15:20:33Z","2026-07-22T05:58:31Z","FOc3p5EymcgKmBZ2hvNiQF","production",""
"Product","661ed789-5e2e-44cc-ba5c-b2a32a50595d","ProCell PRO Aftercare Step 1 — Cellular Renewal Serum","procell-pro-step-1-cellular-renewal-serum","","","","","","","","","","","","","","6500","65","","procell","skincare","30ml","true","true","0.5","true","","Daily growth-factor renewal — the PRO formulation","Step 1 of the ProCell PRO home protocol: daily growth-factor support that maintains your microchanneling results between maintenance visits.

The first step in our powerful two-step skin rejuvenation system. This serum contains growth factors, cytokines, and DNA Repair Enzymes that work together to promote scarless healing in an anti-inflammatory environment. Our serum is paraben-free, fragrance-free, and cruelty-free, so you can feel good about using it on your skin twice daily, morning and night.

The highly concentrated growth factors in our serum are known to play a key role in tissue repair and regeneration. By promoting the growth of new, healthy skin cells, our serum helps to reduce the appearance of fine lines, wrinkles, and other signs of aging. With regular use, you can expect to see smoother, more radiant, and more youthful-looking skin.

To get the most out of PRO Aftercare Step 1, Cellular Renewal Serum simply apply it to your skin and wait 30 seconds before applying our Healing Accelerator Serum. This powerful two-step system is designed to work together to provide maximum results, so you can enjoy healthier, more vibrant-looking skin. Try PRO Aftercare Step 1, Full-Size Cellular Renewal Growth Factor Serum today and see the difference for yourself.","","","","","","","","","","","https://cdn.sanity.io/images/4e7axyi7/production/09fd9acf5c6f4cbbc660ec2900feaf0243ee3b5b-210x239.jpg","PRO Aftercare Step 1","","","","","2026-06-10T15:20:33Z","2026-07-22T06:28:37Z","thy8xfDWtsX68YzGxH9m2W","production",""
"Product","071c2094-8b44-4249-8701-c7c39e8bd5dc","ProCell PRO Aftercare Step 2 — Healing Accelerator","procell-pro-step-2-healing-accelerator","","","","","","","","","","","","","","8000","80","","procell","skincare","30ml","true","true","0.5","true","","Step 2 of the PRO protocol — daily recovery support","The PRO-strength healing accelerator that pairs with Step 1 to support recovery and protect your investment between sessions.

The second step in our dynamic two-step skin rejuvenation system. This serum is specially formulated to work in tandem with our Cellular Renewal Growth Factor Serum to enhance its effects and accelerate the healing process.

The highly concentrated growth factor serums in our serum are known to play a key role in tissue repair and regeneration. By promoting the growth of new, healthy skin cells, our serum helps to reduce the appearance of fine lines, wrinkles, and other signs of aging. With regular use, you can expect to see smoother, more radiant, and more youthful-looking skin.

This serum is also paraben-free, fragrance-free, and cruelty-free, making it a safe and effective choice for all skin types. Simply apply PRO Aftercare Step 2, Healing Accelerator Serum 30 seconds after after Step 1, Cellular Renewal Growth Factor Serum, to achieve optimal results.

Experience the power of PRO Aftercare Step 2, Healing Accelerator Serum, and discover the secret to healthier, more youthful-looking skin.","","","","","","","","","","","https://cdn.sanity.io/images/4e7axyi7/production/f203596e30323edafff18d4c5368f65554052aa2-474x647.jpg","PRO Aftercare Step 2","","","","","2026-06-10T15:20:33Z","2026-07-22T06:24:27Z","FOc3p5EymcgKmBZ2hvVOq9","production",""
"Product","a3316ddf-b6e8-4a3a-8d74-5a6ef746983c","ProCell PRO Aftercare Trial Set","procell-pro-aftercare-trial-set","","","","","","","","","","","","","","3800","38","","procell","skincare","5ml","true","true","0.25","true","","Trial Steps 1 + 2","PRO Step 1 + Step 2 — ideal for trying the protocol through your first series.

Experience the magic of our PRO Aftercare TRIAL Set, a dynamic two-step skin rejuvenation system that revitalizes your complexion. This set includes five pairs of 5ML serums, each with its own unique benefits.

Step 1 - Cellular Renewal Growth Factor Serum: Unlock the secret to scarless healing with this serum. It's paraben-free, fragrance-free, and cruelty-free, making it suitable for daily use. Derived from mesenchymal stem cells, it promotes the growth of healthy skin cells, reducing fine lines and wrinkles for a radiant, youthful look.

Step 2 - Healing Accelerator Serum: Complementing Step 1, this serum accelerates the healing process, enhancing the effects of the Cellular Renewal Growth Factor Serum. It's also paraben-free, fragrance-free, and cruelty-free. Together, they create a powerful skin transformation duo, leaving your skin smoother, more vibrant, and beautifully youthful.

Unveil the secret to radiant skin with our PRO Aftercare Trial Set and embrace a healthier, more confident you.","","","","","","","","","","","https://cdn.sanity.io/images/4e7axyi7/production/fde172c590f28e32828e948185ab8e6f6b5ec3c8-554x554.jpg","Procell Pro Trial Steps 1 + 2","","","","","2026-06-10T15:20:33Z","2026-07-22T06:06:28Z","8EFCm5ajVnFIj2Zfyl8hZG","production",""
"Product","product-glymed-US-GM-400R","Professional CBD Booster","professional-cbd-booster","","","","","","","","","","","","","","6800","68","","glymed","skincare","0.5 fl oz | 15 ml","true","","","","","Balances · Calming · Increases Firmness & Elasticity · Increases Hydration · Reduces Fine Lines & Wrinkles","CBD Booster is a vitamin-rich serum that is easily added to any homecare system. Versatile, lightweight, and perfect to use before any additional serums and moisturizers.","","","","","","","","","","","https://cdn.sanity.io/images/4e7axyi7/production/83478121bc7aa347abca227cc32c7fdbe4f81f29-400x400.webp","Professional CBD Booster","","","","","2026-07-01T03:12:10Z","2026-07-01T06:05:12Z","D3X8E2XKt8n8bNnBsS8vdU","production",""
"Product","product-glymed-US-GM-59ER","Protective Skin Serum with Ceramides","protective-skin-serum-with-ceramides","","","","","","","","","","","","","","10200","102","","glymed","skincare","1 fl oz | 30 ml","true","","","","","Calming · Increases Hydration","Cell Protection Serum strengthens the skin and replenishes critical nutrients lost from daily exposure or aging. This ultra-light and nourishing formula drenches the skin in humectants, antioxidants, and vitamins to protect the cells against the harsh effects of aging.","","","","","","","","","","","https://cdn.sanity.io/images/4e7axyi7/production/a1dd6f2a8cb4b0895f565cbac22cb342a16872a7-400x400.webp","Protective Skin Serum with Ceramides","","","","","2026-07-01T03:12:10Z","2026-07-01T06:05:15Z","JL5yWZ2fDsPkrNN3bJpPj9","production",""
"Product","product-glymed-US-GM-49AR","Purifying Cleanser with Salicylic Acid","purifying-cleanser-with-salicylic-acid","","","","","","","","","","","","","","4500","45","","glymed","skincare","8 fl oz | 236 ml","true","","","","","Minimizes Pores · Purifies · Reduces Oil","This gentle yet effective cleanser promotes balanced, clear skin. Salicylic Acid works to kill bacteria, reduce oil production, and slow the shedding of dead skin cells into the pores to prevent clogging. Combined with Aloe Vera and Green Tea to promote healing and hydration to effectively reduce breakouts and the appearance of pores.","","","","","","","","","","","https://cdn.sanity.io/images/4e7axyi7/production/df58a1db29e25c87a082853b287ff44eeac90351-400x400.webp","Purifying Cleanser with Salicylic Acid","","","","","2026-07-01T03:12:10Z","2026-07-01T06:05:17Z","6Uf5dcYnDNc3ONxw9MOzW6","production",""
"Product","product-glymed-US-GM-73ER","Radiant Serum with 1% Mandelic Acid","radiant-serum-with-1-mandelic-acid","","","","","","","","","","","","","","8500","85","","glymed","skincare","1.69 fl oz | 50 ml","true","","","","","Minimizes Pores · Prevention · Brighten & Tightens · Anti-Aging · Reduces Pigmentation","Lightweight, hydrating, and anti-aging, Radiant Serum exfoliates the skin gently and brightens the overall tone of your skin. Radiant Serum leaves the skin silky smooth, while it reduces the appearance of fine lines, protects against free radical damage, and prevents acne by decreasing dead skin buildup.","","","","","","","","","","","https://cdn.sanity.io/images/4e7axyi7/production/c3c913c299fe90371034d55f5a444081f9d17590-400x400.webp","Radiant Serum with 1% Mandelic Acid","","","","","2026-07-01T03:12:10Z","2026-07-01T06:05:21Z","6Uf5dcYnDNc3ONxw9MP0Fw","production",""
"Product","product-glymed-US-GM-087R","Refining Body Scrub with Alpha Hydroxy Acids","refining-body-scrub-with-alpha-hydroxy-acids","","","","","","","","","","","","","","5500","55","","glymed","skincare","8 fl oz | 236 ml","true","","","","","Reduces Pigmentation · Plumps · Reduce Dull & Uneven Texture","Refining Body Scrub is an energizing formula infused with ultra-fine Jojoba Beads and alpha hydroxy acids that's excellent for removing dry skin from elbows, knees, legs and feet. Stimulating cellular turnover, this tingling blend of natural essential oils and botanical ingredients produces a visible and textural change after one use!","","","","","","","","","","","https://cdn.sanity.io/images/4e7axyi7/production/6ae21feb33c2be73f8ef8aca398289dbe262c588-800x800.webp","Refining Body Scrub with Alpha Hydroxy Acids","","","","","2026-07-01T03:12:12Z","2026-07-01T07:45:36Z","6Uf5dcYnDNc3ONxw9MoCjV","production",""
"Product","product-glymed-US-GM-076R","Refining Hand & Body Lotion with Alpha Hydroxy Acids","refining-hand-body-lotion-with-alpha-hydroxy-acids","","","","","","","","","","","","","","3800","38","","glymed","skincare","4 fl oz | 118 ml","true","","","","","Brightens · Increases Hydration · Moisturizes · Reduces Dull & Uneven Texture","Refining Hand & Body Lotion with Alpha Hydroxy Acids is a super-smoothing triple-AHA lotion. It uses mild exfoliation to slough away dry skin as it moisturizes and nourishes. Work beyond the surface to reduce fine lines and wrinkles and diminish age spots and hyperpigmentation.","","","","","","","","","","","https://cdn.sanity.io/images/4e7axyi7/production/fe75f172a113e75675fcce44b1d3ec75982e94bc-800x800.webp","Refining Hand & Body Lotion with Alpha Hydroxy Acids","","","","","2026-07-01T03:12:12Z","2026-07-01T07:46:39Z","JL5yWZ2fDsPkrNN3bKHslS","production",""
"Product","product-glymed-US-GM-25ER","Rejuvenating Peptide Masque","rejuvenating-peptide-masque","","","","","","","","","","","","","","9500","95","","glymed","skincare","4 fl oz | 118 ml","true","","","","","Balances · Calming · Increase Hydration · Lifts & Firms · Reduces Fine Lines & Wrinkles","This masque is the most powerful anti-aging and antioxidant care available at home for your skin. Its therapeutic ingredients help to prevent wrinkles by relaxing the muscles to reduce expression lines while boosting hydration for radiant skin.","","","","","","","","","","","https://cdn.sanity.io/images/4e7axyi7/production/30b34dacf35753da1453193e6030ef107dc84d26-800x800.webp","Rejuvenating Peptide Masque","","","","","2026-07-01T03:12:12Z","2026-07-01T07:44:29Z","JL5yWZ2fDsPkrNN3bKHUAp","production",""
"Product","product-glymed-US-GM-032R","Restoring Fulvic Elixir","restoring-fulvic-elixir","","","","","","","","","","","","","","6900","69","","glymed","skincare","1 fl oz | 30 ml","true","","","","","Balances · Increases Hydration · Reduce Inflammation · Reduces Redness","Powered by fulvic minerals, Restoring Fulvic Elixir helps refresh, hydrate, and support the appearance of balanced, healthy-looking skin. It helps promote the appearance of a more even-looking skin tone while supporting a calm, balanced, and healthy-looking complexion. Restoring Fulvic Elixir nourishes and helps support the skin’s natural renewal process for a smoother, refreshed, and healthy-looking complexion without redness.","","","","","","","","","","","https://cdn.sanity.io/images/4e7axyi7/production/a5417da70abd6c7deca7f9e27038fc0f8ba1c1bd-400x400.webp","Restoring Fulvic Elixir","","","","","2026-07-01T03:12:10Z","2026-07-01T06:05:27Z","6Uf5dcYnDNc3ONxw9MP1jc","production",""
"Product","product-glymed-US-GM-091R","Retinol Rejuvenation Serum","retinol-rejuvenation-serum","","","","","","","","","","","","","","11400","114","","glymed","skincare","1 fl oz | 30 ml","true","","","","","Reduce Pigmentation · Brightens · Reduce Dull & Uneven Texture · Reduce Fine Lines & Wrinkles","Retinol Restart Rejuvenation Serum delivers the maximum concentration of retinol available in a serum to build collagen and speed skin renewal to diminish the appearance of fine lines, acne, wrinkles, and hyperpigmentation.","","","","","","","","","","","https://cdn.sanity.io/images/4e7axyi7/production/0a3d6d1a08b163b0e6b8edeb58b501c323e8e8c9-400x400.webp","Retinol Rejuvenation Serum","","","","","2026-07-01T03:12:10Z","2026-07-01T06:06:03Z","6Uf5dcYnDNc3ONxw9MPBLW","production",""
"Product","product-glymed-US-GM-52ER","Revitalizing Essence with NAD+","revitalizing-essence-with-nad","","","","","","","","","","","","","","5000","50","","glymed","skincare","1.35 fl oz | 40 ml","true","","","","","Anti-Aging · Calming · Increase Hydration · Protects · Reduce Inflammation","Experience unmatched hydration and rejuvenation with the Revitalizing Essence with NAD+, a revolutionary formulation designed to revitalize and replenish the moisture in your skin at the cellular level. This hydrating essence works to restore vitality while boosting your skin’s natural barrier.","","","","","","","","","","","https://cdn.sanity.io/images/4e7axyi7/production/c227effc084fdb5737a6c81f109a547ce3e516a9-400x400.webp","Revitalizing Essence with NAD+","","","","","2026-07-01T03:12:10Z","2026-07-01T06:06:06Z","6Uf5dcYnDNc3ONxw9MPCie","production",""
"Product","product-glymed-US-GM-068R","Rosacea Relief","rosacea-relief","","","","","","","","","","","","","","7600","76","","glymed","skincare","1.69 fl oz | 50 ml","true","","","","","Moisturizes · Reduce Inflammation · Reduces Redness","Rosacea Relief naturally and effectively reduces the appearance of rosacea and other skin conditions that cause redness, flushing and blushing without prescription drugs. It is fortified with Aescin to reduce inflammation and restore vein walls to prevent microscopic leaks in venules and capillaries. This moisturizer also promotes skin elasticity and helps mend long-term damage caused by internal skin heat and irritation brought on by imbalance.","","","","","","","","","","","https://cdn.sanity.io/images/4e7axyi7/production/dd83fd4f47172f5a3fd62fad94ddcc4df1bd4db3-400x400.webp","Rosacea Relief","","","","","2026-07-01T03:12:12Z","2026-07-01T06:06:10Z","D3X8E2XKt8n8bNnBsS8yCC","production",""
"Product","product-shield-ritual-spf","Shield Ritual Mineral SPF 30","shield-ritual-spf","","","","","","","","","","","","","","3000","30","","house-of-rose","skincare","","true","","","","","Daily shield for freshly waxed skin.","Mineral SPF 30+ (zinc / titanium) for freshly waxed facial skin, which is prone to UV-triggered hyperpigmentation. Daily, 48 hours+.","","","","","","","","","","","","","","","","","2026-06-20T11:36:21Z","2026-06-20T11:36:21Z","GDjKvWcUponpDtl6u0oES0","production",""
"Product","product-glymed-US-GM-121R","Skin Recovery Mist","skin-recovery-mist","","","","","","","","","","","","","","4600","46","","glymed","skincare","4 fl oz | 118 ml","true","","","","","Balances · Calming · Increases Hydration","Skin Recovery Mist forces life back into dehydrated, irritated, and lackluster skin with a dose of hydrating and healing algae, hyaluronic acid, and vitamin B. This lightweight mist leaves skin refreshed, revitalized, and luminous! A must have for anyone who travels or for outdoor enthusiasts.","","","","","","","","","","","https://cdn.sanity.io/images/4e7axyi7/production/4c93e8b3f44a53385926bc2b029c118d649847fb-400x400.webp","Skin Recovery Mist","","","","","2026-07-01T03:12:12Z","2026-07-01T06:06:13Z","D3X8E2XKt8n8bNnBsS8yO6","production",""
"Product","product-glymed-US-GM-24AR","Skin Resurfacing Lotion with Resorcinol","skin-resurfacing-lotion-with-resorcinol","","","","","","","","","","","","","","3600","36","","glymed","skincare","2 fl oz | 59 ml","true","","","","","Minimizes Pores · Clarifies · Reduce Dull & Uneven Texture · Reduces Oil","For the more resistive and severe acne skin types. Skin Peeling Lotion stimulates healing and acts as a mild antiseptic to reduce oil production, kill acne causing bacteria, and to promote a mild peeling to help prevent dead skin buildup.","","","","","","","","","","","https://cdn.sanity.io/images/4e7axyi7/production/6db0eff8d06805de459df5fb848c91e4364ff46a-400x400.webp","Skin Resurfacing Lotion with Resorcinol","","","","","2026-07-01T03:12:10Z","2026-07-01T06:06:16Z","D3X8E2XKt8n8bNnBsS8yZL","production",""
"Product","a5bc634c-52f8-42b7-8b68-2b4ae827ca64","Skin Script Advanced Renewal Serum","skin-script-advanced-renewal-serum","","","","","","","","","","","","","","6600","66","","skin-script","skincare","1 oz","true","","","","","The flagship renewal serum","Skin Script's most advanced serum — renewal support for clients on active treatment plans.","","","","","","","","","","","https://cdn.sanity.io/images/4e7axyi7/production/b4813f5657d98cf67bbd945d9bbf4b86976830d9-2000x2000.webp","Skin Script Advanced Renewal Serum","","","","","2026-06-10T15:20:33Z","2026-07-01T06:21:56Z","JL5yWZ2fDsPkrNN3bJubsB","production",""
"Product","019bf9f1-c98a-4602-944a-c803ebac3c75","Skin Script Charcoal Clay Cleanser","skin-script-charcoal-clay-cleanser","","","","","","","","","","","","","","3200","32","","skin-script","skincare","6.5 oz","true","","","","","Deep-cleansing charcoal for oily and congested skin","Charcoal and clay for congestion-prone skin — a staple in our acne clients' routines.","","","","","","","","","","","https://cdn.sanity.io/images/4e7axyi7/production/da5cbb1afae0364e49073680cb9e2528a921bf01-2000x2000.webp","Skin Script Charcoal Clay Cleanser","","","","","2026-06-10T15:20:33Z","2026-07-01T06:19:11Z","D3X8E2XKt8n8bNnBsS9Yfo","production",""
"Product","051e7779-93f2-4a7f-97e4-f53409fbcc8a","Skin Script Glycolic & Retinol Pads","skin-script-glycolic-retinol-pads","","","","","","","","","","","","","","3000","30","","skin-script","skincare","50 pads","true","","","","","One-swipe nightly resurfacing","Pre-soaked glycolic + retinol pads — the simplest way to keep turnover moving at home.","","","","","","","","","","","https://cdn.sanity.io/images/4e7axyi7/production/45e2d84ecea63b054fa97444fef6db3f4e896c59-2000x2000.webp","Skin Script Glycolic & Retinol Pads","","","","","2026-06-10T15:20:33Z","2026-07-01T06:23:06Z","6Uf5dcYnDNc3ONxw9MUGmH","production",""
"Product","31517d8b-2433-4aa4-8228-b9cd7a3bd236","Skin Script Glycolic Cleanser","skin-script-glycolic-cleanser","","","","","","","","","","","","","","3600","36","","skin-script","skincare","6.5 oz","true","","","","","Gentle daily glycolic cleansing","An approachable daily glycolic cleanser — gentle resurfacing for clients starting their skin journey.","","","","","","","","","","","https://cdn.sanity.io/images/4e7axyi7/production/85d4aa5d18d45f6710bdaa511d565230d879fdee-2000x2000.webp","Skin Script Glycolic Cleanser","","","","","2026-06-10T15:20:33Z","2026-07-01T06:19:21Z","6Uf5dcYnDNc3ONxw9MT5dW","production",""
"Product","8abcc3cb-3ff9-4911-b5f3-aa93108cd3e3","Skin Script Green Tea Citrus Cleanser","skin-script-green-tea-citrus-cleanser","","","","","","","","","","","","","","3200","32","","skin-script","skincare","6.5 oz","true","","","","","Antioxidant cleanse for normal and combination skin","A fresh antioxidant cleanser suited to nearly every skin type — the easy daily recommendation.","","","","","","","","","","","https://cdn.sanity.io/images/4e7axyi7/production/e949a5349e54e5d6a86e9754cc94fbd410bf0567-2000x2000.webp","Skin Script Green Tea Citrus Cleanser","","","","","2026-06-10T15:20:33Z","2026-07-01T06:21:18Z","JL5yWZ2fDsPkrNN3bJuSdx","production",""
"Product","739a1d03-5eb3-4c64-a379-a695637a968f","Skin Script Mandelic Brightening Serum","skin-script-mandelic-brightening-serum","","","","","","","","","","","","","","4000","40","","skin-script","skincare","1 oz","true","","","","","Gentle mandelic brightening — acne-safe","Mandelic acid brightening that's gentle enough for acne-prone and sensitive skin — a Clarity Program favorite.","","","","","","","","","","","https://cdn.sanity.io/images/4e7axyi7/production/c176ef7ef4e77d0b40623302b4a00843465667da-2000x2000.webp","Skin Script Mandelic Brightening Serum","","","","","2026-06-10T15:20:33Z","2026-07-01T06:18:31Z","6Uf5dcYnDNc3ONxw9MSX9T","production",""
"Product","7049f0c6-2e4c-4a8c-86f8-29de1f8bfdd8","Skin Script Peptide Eye Serum","skin-script-peptide-eye-serum","","","","","","","","","","","","","","3600","36","","skin-script","skincare","0.5 oz","true","","","","","Daily peptide support for the eye area","Lightweight peptide support for fine lines and tired under-eyes.","","","","","","","","","","","https://cdn.sanity.io/images/4e7axyi7/production/18ff02acb319db452dacf2bcb511e550ac2aae97-2000x2000.webp","Skin Script Peptide Eye Serum","","","","","2026-06-10T15:20:33Z","2026-07-01T06:20:17Z","D3X8E2XKt8n8bNnBsS9cfn","production",""
"Product","50e50c81-2f83-4d51-8785-61a5447dd5d3","Skin Script Peptide Moisturizer","skin-script-peptide-moisturizer","","","","","","","","","","","","","","5500","55","","skin-script","skincare","1.7 oz","true","","","","","Peptide-rich daily hydration","A peptide moisturizer that firms while it hydrates — the daily cream for collagen-focused clients.","","","","","","","","","","","https://cdn.sanity.io/images/4e7axyi7/production/93b88beebf8d6290023fb8c72ba66972a5348600-2000x2000.webp","Skin Script Peptide Moisturizer","","","","","2026-06-10T15:20:33Z","2026-07-01T06:20:24Z","D3X8E2XKt8n8bNnBsS9d6F","production",""
"Product","f60908f7-479b-49eb-8d3e-8e112e70587a","Skin Script Retinol Exfoliating Scrub","skin-script-retinol-exfoliating-scrub","","","","","","","","","","","","","","4500","45","","skin-script","skincare","4 oz","true","","","","","Retinol renewal with physical polish","Twice-weekly retinol exfoliation that keeps texture smooth between professional treatments.","","","","","","","","","","","https://cdn.sanity.io/images/4e7axyi7/production/7c663598da15fc3d8279fb41fecb4e30dd9bfd26-2000x2000.webp","Skin Script Retinol Exfoliating Scrub","","","","","2026-06-10T15:20:33Z","2026-07-01T06:22:06Z","D3X8E2XKt8n8bNnBsS9ie7","production",""
"Product","72a70e7d-62b1-4cb2-99b4-4f34a95da1e2","Skin Script Sheer Protection SPF 30","skin-script-sheer-protection-spf-30","","","","","","","","","","","","","","3000","30","","skin-script","skincare","2 oz","true","","","","","Weightless daily SPF 30","Sheer, weightless daily sun protection — the entry-level SPF everyone actually wears.","","","","","","","","","","","https://cdn.sanity.io/images/4e7axyi7/production/b0a16e915bea79d0e0555d93b80b592b1b2fe4ff-2000x2000.webp","Skin Script Sheer Protection SPF 30","","","","","2026-06-10T15:20:33Z","2026-07-01T06:19:36Z","6Uf5dcYnDNc3ONxw9MT9Xo","production",""
"Product","c699bb27-94f3-4f9d-8fa3-f17fa2e569d6","Skin Script Triple C Serum","skin-script-triple-c-serum","","","","","","","","","","","","","","4400","44","","skin-script","skincare","1 oz","true","","","","","Three forms of vitamin C, one brightening serum","A triple vitamin C serum for daily brightening and antioxidant defense.","","","","","","","","","","","https://cdn.sanity.io/images/4e7axyi7/production/e955ee24820c96febdfbe2762b7d98dc0c87722c-2000x2000.webp","Skin Script Triple C Serum","","","","","2026-06-10T15:20:33Z","2026-07-01T06:21:53Z","D3X8E2XKt8n8bNnBsS9hns","production",""
"Product","product-smooth-ritual-polish","Smooth Ritual Polish","smooth-ritual-polish","","","","","","","","","","","","","","2200","22","","house-of-rose","skincare","","true","","","","","Fine-granule polish for follicle-clear skin.","Fine-granule sugar/pumice body polish that loosens dead skin around follicle openings. Begin 3 days post-wax, 2–3x weekly with light circular pressure.","","","","","","","","","","","","","","","","","2026-06-20T11:36:21Z","2026-06-20T11:36:21Z","GDjKvWcUponpDtl6u0oES0","production",""
"Product","product-facereality-soothing-radiance-toner","Soothing Radiance Toner","soothing-radiance-toner","","","","","","","","","","","","","","3200","32","","face-reality","skincare","6 oz Retail","true","","","","","","Soothing Radiance Toner bridges the gap between cleansing and treatment, optimizing the skin for better results, while minimizing the appearance redness and restoring natural radiance. Infused with revitalizing ingredients, this restorative step transforms skin. Developed with acne-prone clients in mind, our non-comedogenic formula leaves complexions more luminous, balanced, and receptive to the care that follows.","","","","","","","","","","","https://cdn.sanity.io/images/4e7axyi7/production/b49c6748b3bb95955312ff7c2960e556946d5c29-2048x2048.png","Soothing Radiance Toner","","","","","2026-07-01T08:00:10Z","2026-07-01T08:03:17Z","D3X8E2XKt8n8bNnBsSEdwE","production",""
"Product","product-glymed-US-GM-1902","The Calming Collection","the-calming-collection","","","","","","","","","","","","","","5600","56","","glymed","skincare","1 Kit","true","","","","","Balances · Calms · Hydrates · Increases Firmness & Elasticity · Increases Hydration · Moisturizes · Prevents · Protects · Reduces Fine Lines & Wrinkles · Reduces Inflammation · Reduces Redness","Harsh weather and stressful gatherings can cause the skin to be flushed, irritated and stressed. Indulge the skin in soothing botanicals with this Calming Collection of GlyMed Plus products that will leave you restored, balanced, and luminous. Collection includes:
Mega Cream Cleanser TRIAL (US-GM-057S)
Protective Skin Serum with Ceramides TRIAL (US-GM-59ES)
Peptide Cream TRIAL (US-GM-083S)
Rosacea Relief TRIAL  (US-GM-068S)
Recovery Cream with Arnica TRIAL (US-GM-067S)
Restoring Fulvic Elixir TRIAL (US-GM-032S)
Hydrating Protection Gel with SPF 30 TRIAL (US-GM-122S)
GlyMed Plus reserves the right to make product substitutions as necessary.","","","","","","","","","","","https://cdn.sanity.io/images/4e7axyi7/production/d850b32d5fd2503cd54a5606d2877c20724f570e-800x800.webp","The Calming Collection","","","","","2026-07-01T03:12:12Z","2026-07-01T07:44:57Z","JL5yWZ2fDsPkrNN3bKHYLV","production",""
"Product","product-glymed-US-GM-1903","The Ultimate Collection","the-ultimate-collection","","","","","","","","","","","","","","5600","56","","glymed","skincare","1 Kit","true","","","","","Prevention · Anti-Aging · Balances · Increases Firmness & Elasticity · Protects · Reduces Fine Lines & Wrinkles","All the necessities that you never knew you needed. Comprised of our favorite GlyMed Plus products, this collection will excite and wow your skin with its performance formulated ingredients to give YOU your best skin. Collection includes:
Mega Cream Cleanser TRIAL (US-GM-057S)
Exfoliating Cleanser with Salicylic Acid TRIAL (US-GM-50AS)
Firming Serum with Phyto-Stem Cells TRIAL (US-GM-90ES)
Daily Skin Clarifier TRAVEL (US-GM-037T)
Ultra Hydro Gel TRIAL (US-GM-069S)
Protective Skin Serum with Ceramides TRIAL (US-GM-59ES)
Daily Repair Cream TRIAL (US-GM-058S)
Moisturizing Protection Cream with SPF 15 TRIAL (US-GM-005S)
GlyMed Plus reserves the right to make product substitutions as necessary.","","","","","","","","","","","https://cdn.sanity.io/images/4e7axyi7/production/a08cc361659f63d415aa6989216edcc4166a24fc-800x800.webp","The Ultimate Collection","","","","","2026-07-01T03:12:12Z","2026-07-01T07:46:51Z","lNfUvdo6EYR6sr3edwzjgd","production",""
"Product","product-facereality-ultra-gentle-cleanser","Ultra Gentle Gel Cleanser","ultra-gentle-gel-cleanser","","","","","","","","","","","","","","3300","33","","face-reality","skincare","6 oz","true","","","","","","Face Reality's #1 best-selling sulfate-free, antioxidant gel cleanser is the perfect way to wash away the day. Soft and easy on the skin, this effective daily cleanser effortlessly removes makeup and impurities, leaving skin deeply nourished.","","","","","","","","","","","https://cdn.sanity.io/images/4e7axyi7/production/f9ff0869915819195efb36ef56658cd77a7f8630-2048x2048.png","Ultra Gentle Gel Cleanser","","","","","2026-07-01T08:00:10Z","2026-07-01T08:01:32Z","D3X8E2XKt8n8bNnBsSEW5W","production",""
"Product","product-glymed-US-GM-069R","Ultra Hydro Gel","ultra-hydro-gel","","","","","","","","","","","","","","8200","82","","glymed","skincare","1.69 fl oz | 50 ml","true","","","","","Prevention · Increases Hydration · Plump","Ultra Hydro Gel is an ultra-lightweight hydrating gel formulated with 10% hyaluronic acid to help replenish moisture and leave the skin feeling soft, smooth, and refreshed. This fast-absorbing formula helps improve the appearance of dehydrated, dull, or tired-looking skin, promoting a luminous, healthy-looking complexion.","","","","","","","","","","","https://cdn.sanity.io/images/4e7axyi7/production/dc0d9d6026909476eab672fce02d5c3c7f3d022f-400x400.webp","Ultra Hydro Gel","","","","","2026-07-01T03:12:10Z","2026-07-01T06:06:18Z","JL5yWZ2fDsPkrNN3bJpfyQ","production",""
"Product","product-glymed-US-GM-127R","Vitamin C Serum","vitamin-c-serum","","","","","","","","","","","","","","10600","106","","glymed","skincare","0.3 fl oz | 10 ml","true","","","","","Brightens · Increase Firmness & Elasticity","A highly concentrated serum designed to tighten, lift, and hydrate. Formulated with Vitamin C and ceramides to repair diminishing intercellular substances that lead to the loss of elasticity and tone.","","","","","","","","","","","https://cdn.sanity.io/images/4e7axyi7/production/a55752e0246acf6307e0f862ca80bb7515b47a4b-400x400.webp","Vitamin C Serum","","","","","2026-07-01T03:12:10Z","2026-07-01T06:06:28Z","6Uf5dcYnDNc3ONxw9MPIdM","production",""
"Product","product-glymed-US-GM-079R","Vitamin E Cream","vitamin-e-cream","","","","","","","","","","","","","","9000","90","","glymed","skincare","1.69 fl oz | 50 ml","true","","","","","Moisturizes · Prevents","Increase skin hydration by 25 percent with this ultra-nourishing and deeply soothing cream. Vitamin E, soothing botanicals and calming oils prevent transepidermal water loss by replenishing dry and irritated skin.","","","","","","","","","","","https://cdn.sanity.io/images/4e7axyi7/production/d4f08093b132686c11b605733ab933ed5366c568-400x400.webp","Vitamin E Cream","","","","","2026-07-01T03:12:10Z","2026-07-01T06:06:31Z","D3X8E2XKt8n8bNnBsS8z9i","production",""
"Service","52889a9f-ed52-410d-b78c-3d991c23ab24","Acne Bootcamp — 12-Week Face Reality Acne Program","acne-bootcamp","live","treatment","Acne Bootcamp","acne-bootcamp","Face Reality Acne Program","face-reality-acne-program","Amber Mingione","Esthetician | RN Assistant","","","","$899 program","","","","12 weeks · biweekly visits","","","","","","","","","The full Face Reality program — consult, biweekly treatments, adaptive home care","The Acne Bootcamp is the 12-week Face Reality Acne Program itself — the structured, guided path led by Amber, a Face Reality Certified Acne Specialist in Punta Gorda. It pairs biweekly in-studio visits with a customized daily home-care regimen and ongoing coaching, and it's sold as one complete program because those parts work together. Here's the rhythm: your first visit is a consultation and skin analysis where Amber grades the breakouts, reviews triggers, teaches you to read ingredient lists, and hands off your initial home-care routine — usually including a cleanse, extractions, and LED that day. Then, every two weeks for the program, you return for a double cleanse, an enzyme treatment or acne peel, expert extractions of ready congestion, and high-frequency and/or LED. At each visit Amber checks progress and adjusts your home care in small, measured steps — strengthening it before your skin gets used to it, but not so fast it becomes dry or irritated. That progressive adjustment is the core of the method, which is why the every-two-weeks cadence matters and the program is time-boxed. A purge can happen in the first few weeks and is temporary. Face Reality's method is designed to show visible improvement in roughly six to eight weeks, with more clearing over three to six months, depending heavily on your acne type and how consistently you follow the home care. Individual outcomes vary; we don't promise a timeframe. A Back/Chest Acne Add-On extends it to bacne.","The Bootcamp suits someone who wants a plan and accountability and is willing to do the daily home care and keep biweekly appointments for about twelve weeks — people fighting a recurring pattern of breakouts, not occasional congestion. Sensitive and melanin-rich skin prone to post-breakout dark marks is well served by the mandelic-forward approach. It isn't the right fit for deep cystic or nodular acne, widespread inflammation, or actively scarring acne, which warrants a dermatologist first; the program can complement medical care when coordinated with your physician. Anyone on or recently on isotretinoin should confirm timing at consultation, since certain treatments are paused around it. Because the whole method is built on daily adherence, clients unable to commit to the routine won't get the intended benefit. Not every client is a candidate, and final candidacy is confirmed by Amber at consultation.","Visit 1 — consultation and skin analysis: Amber grades the breakouts, reviews triggers, takes baseline photos with consent, and often includes a cleanse, extractions, and LED before handing off your first home-care regimen. | Home care daily: use your personalized Face Reality routine — typically alternating mandelic acid and benzoyl peroxide with barrier and hydration support — exactly as instructed between visits. | Biweekly visit flow (every two weeks): double cleanse, enzyme treatment or acne peel, expert extractions of ready congestion, then high-frequency and/or LED. | Progress check and titration: Amber reviews how your skin responded and strengthens the home-care routine in small steps for the next two weeks. | Coaching between visits: continued removal of pore-clogging products, trigger guidance, and support through any purge phase. | After the 12 weeks: transition to an individualized maintenance plan — a lighter home-care routine and periodic maintenance treatments once skin is calmer.","","Face Reality Clear Skin programs regionally run multi-week $500–$900 (per-session acne treatments ~$99–$150). No Punta Gorda med spa runs a certified Face Reality bootcamp — Amber is a Face Reality Certified Acne Specialist.","","","","Acne Scarring","","Q: How long is the Bootcamp, and how often are visits?
A: It runs 12 weeks with in-studio visits every two weeks, plus daily home care in between. That biweekly rhythm exists so Amber can adjust your routine in measured steps as your skin adapts — strengthening it before your skin gets used to it, without pushing so fast it becomes dry or irritated. The program is time-boxed rather than an open-ended standing appointment for exactly this reason.

Q: How long until I might see a difference?
A: Face Reality's method is designed to show visible improvement in roughly six to eight weeks, with more clearing over three to six months. How much and how fast depends heavily on your acne type and, above all, how consistently you follow the home care. Individual outcomes vary and we don't promise a timeframe.

Q: What actually happens at each biweekly visit?
A: Typically a double cleanse, an enzyme treatment or acne peel, expert extractions of any ready congestion, and high-frequency and/or LED. Then Amber checks your progress and tweaks your home-care regimen for the next two weeks. Treatments are non-invasive; expect mild tingling from the actives, brief redness, and some sensitivity after extractions.

Q: Will I break out more at the start?
A: You might. A temporary purge can happen in the first few weeks as faster exfoliation brings congestion that was already forming to the surface sooner. It's part of the process, not a sign the program is failing, and the biweekly structure and coaching are designed to carry you through it. It typically settles as the routine takes hold.

Q: Why is it sold as one program instead of single visits?
A: Because the result comes from the combination — the daily home care, the every-two-weeks adjustment, and the coaching — not from any single treatment. Taking the pieces apart removes the part that actually moves persistent breakouts. If you want to try the experience before committing, a single Acne Peel or Back Treatment is a way to sample it and step up from there.

Q: Can you include back and chest acne?
A: Yes. A Back/Chest Acne Add-On extends the Bootcamp to body acne, or you can book a stand-alone Back Treatment — Acne & Texture if the back or chest is your main concern. Amber will confirm the right approach at consultation.","","","","12-Week Acne Bootcamp (Face Reality) | Punta Gorda, FL","Face Reality 12-week acne bootcamp in Punta Gorda — consult, six biweekly treatments, adaptive home care. $899 complete program.","41","2026-06-10T11:01:42Z","2026-07-20T17:32:50Z","TKR6NCHvVC2NQN4yJgqLNK","production",""
"Service","service-ai-skin-analysis","AI Skin Analysis","ai-skin-analysis","parked","standalone","Advanced Facials","advanced-facials","","","Amber Mingione","Esthetician | RN Assistant","","consult","","Complimentary","","","","30 minutes","","","","","","","","","See your skin — the smart first step.","AI Skin Analysis is the evidence-based first step at House of Rose — a multi-spectrum imaging scan that shows your skin the way a provider needs to see it, followed by a sit-down review that turns what the camera captured into a plan built for your skin, not a preset menu. The device photographs your face under several kinds of light (standard, cross-polarized, and UV), surfacing what the naked eye misses: pigment and sun exposure sitting beneath the surface, texture and pore patterns, redness and vascular cues, and how hydrated your skin looks that day. None of it is a medical diagnosis — it's an aesthetic map of where your skin is now and what's changing over time. Together with your provider you review the images, talk through your goals, candidacy, and lifestyle, and build a sequenced plan: what to start with, in what order, and how often, so results can build safely rather than stacking treatments at random. We save your baseline, so at future visits you can compare side by side and see visible progress instead of guessing. It's unhurried, honest, and pressure-free — many clients start here simply to understand their skin before deciding on anything at all.","Anyone starting their skin journey or unsure where to begin. The scan and provider review show what your skin actually needs — so you book the treatments that fit, in the right order.","A quick multi-spectrum scan captures your skin's surface and sub-surface cues. | Your provider reviews pigment, texture, pores, redness, and hydration with you. | Together you build a personalized, sequenced plan around what your skin needs. | We save your baseline so you can track visible progress over time.","","Most med spas bundle skin analysis into a paid consult or charge ~$50–$150 for imaging. No local competitor markets a standalone AI skin analysis — House of Rose offers it complimentary as the entry point.","","","","","","Q: Is AI Skin Analysis a medical diagnosis?
A: No. It's an aesthetic skin-imaging tool that helps you and your provider see your skin and plan your care. It does not diagnose or detect medical conditions.

Q: What will the scan actually show me?
A: A clear picture of your skin's surface and sub-surface cues — pigment and sun exposure, texture and pores, redness, and hydration — so you can see what's driving how your skin looks and where to focus.

Q: Do I have to book a treatment afterward?
A: No. There's no pressure and no commitment. Many clients come simply to understand their skin, then decide what, if anything, to do next.

Q: How much does it cost?
A: It's offered as a complimentary first step. Confirm current availability when you book.

Q: How long does it take?
A: About 30 minutes — a quick scan plus a provider review to map out your personalized plan.","","","","AI Skin Analysis in Punta Gorda, FL | House of Rose","Start with AI Skin Analysis at House of Rose — a multi-spectrum skin scan reviewed with your provider to build a personalized plan. The evidence-based first step in Punta Gorda.","0","2026-07-14T01:44:52Z","2026-07-20T17:32:50Z","TKR6NCHvVC2NQN4yJgqLNK","production",""
"Service","3cca74b8-9626-4ed7-aaab-3c31bcac8ad8","BioRePeel","biorepeel","","hub","Advanced Facials","advanced-facials","","","Amber Mingione","Esthetician | RN Assistant","","","","From $295","","","","45 minutes","","","","","","","","","From the no-downtime peel to certified induced-peel protocols","BioRePeel is a TCA-based resurfacing peel designed to refresh tone, texture, and radiance with minimal-to-light flaking and essentially no downtime — you can walk back into your day. What makes it different from a traditional peel is its two-layer (biphasic) formula: an oily outer phase shields the skin surface and carries the actives, while a water-based inner phase delivers the working ingredients. The face formula is built around 35% trichloroacetic acid combined with salicylic and other supporting acids, GABA, amino acids, and vitamins — so the manufacturer describes it as peeling, biostimulating, and revitalising at once, rather than simply injuring the surface to force it to shed. At House of Rose it's Amber's treatment, and this hub is the front door to a small family of variants that share that formula but do different jobs. The standalone face peel is the everyday resurfacer and event refresh. The Advanced Acne Scarring Protocol pairs the peel with microneedling so the actives reach through freshly opened channels — the strongest single answer for stubborn textural scarring. The Body variant treats thicker skin per zone (back, chest, hands, stretch-mark areas). The Duo Gold Spot Upgrade layers a higher-strength gold formula onto stubborn localized spots after the standard peel. Which one is right depends on your concern, area, and skin — the provider matches depth to goal at consultation. Honest framing throughout: BioRePeel resurfaces skin quality and supports the appearance of texture, tone, and post-acne marks; it is not scar removal or an acne cure, and real change usually comes across a short series.","The BioRePeel family suits clients wanting a low-commitment, no-real-downtime refresh — dull, uneven, or congested skin, early photoaging and fine lines, rough texture, and the appearance of mild-to-moderate acne and post-acne marks. It's a strong entry into corrective skincare and works around a busy SW Florida schedule. It's generally avoided during pregnancy and breastfeeding, with recent isotretinoin use, aspirin or salicylate allergy, active infection or cold-sore flare, or a history of keloid scarring, and active rosacea, eczema, or psoriasis can be aggravated. Very deep, established ice-pick scars respond less to peeling alone and are better matched to a needling-led plan. Not every client is a candidate; the provider confirms which variant, if any, fits at consultation.","Consultation and skin analysis — the provider confirms candidacy, reviews recent product use and sun exposure, and recommends the right variant (standalone face, advanced acne-scarring, body, or gold spot upgrade). | Match depth to goal — surface tone and glow concerns lean peel-led; structural scar texture leans needling-led, sometimes combined with the peel. | Choose single visit or series — a single peel is a genuine refresh or first try; most concerns show their real change across a short series, which is how the treatment is designed. | Plan add-ons if useful — dermaplane prep before, LightStim LED after to calm, or a Glo2Facial finish for an event glow. | Set the schedule — the provider sets the number of sessions and intervals, and gives your aftercare plan. | Follow through on sun protection — daily broad-spectrum SPF is essential to protect and hold your results between visits.","","Skin Sanctuary (Punta Gorda) BioRePeel $325 single / $1,200 series-of-4; Spago Day Spa medical peels $175–$250. Manufacturer course is 4–6 sessions, 7–10 days apart.","","","","Sun Damage","","Q: What is BioRePeel and how is it different from a regular peel?
A: It's a TCA-based resurfacing peel with a two-layer formula engineered to resurface and stimulate the skin without the heavy sheeting of a deep peel. Most clients get minimal-to-light flaking, if any, and essentially no downtime — the point is real resurfacing you can wear back into your day.

Q: What are the different BioRePeel variants?
A: The standalone face peel is the everyday resurfacer. The Advanced Acne Scarring Protocol pairs the peel with microneedling for stubborn textural scarring. The Body variant treats thicker skin per zone. The Duo Gold Spot Upgrade adds a higher-strength gold formula onto stubborn spots after the standard peel. Your provider recommends which fits.

Q: Will I actually peel?
A: Usually only lightly, if at all — that's the point of BioRePeel. Some clients get mild flaking over a few days; many get none. It doesn't cause the heavy sheeting of a deep peel, and individual reactions vary.

Q: Can BioRePeel help with acne or acne scars?
A: It's designed to support the appearance of congested, blemish-prone, and post-acne skin, and the advanced protocol pairs it with microneedling for the appearance of stubborn textural scarring. It does not treat or cure acne — for active breakouts, the Face Reality Acne Bootcamp is the dedicated path.

Q: BioRePeel or microneedling — which do I need?
A: Microneedling remodels structural texture and the appearance of deeper scars; BioRePeel resurfaces tone, glow, and surface texture with no downtime. For stubborn scarring, the advanced protocol combines both. The provider matches the tool to your concern at consultation.

Q: When will I see results?
A: Many clients notice brighter, smoother, more even-looking skin within a few days to two weeks, with improvement continuing to build over the following weeks. Outcomes are individual and depend on your concern, your skin, and whether you do a single visit or a series.","https://cdn.sanity.io/images/4e7axyi7/production/384ad723181a6a7540cf38a4f594d3cc5a90c6ed-1774x887.png","BioRePeelCl3 Gold and Blue bio-phasic peeling solutions","","BioRePeel in Punta Gorda, FL | House of Rose","BioRePeel in Punta Gorda — the no-downtime TCA peel for tone, texture, and glow. From $295, series of four available. Appointment-only luxury studio.","3","2026-04-29T05:37:28Z","2026-07-17T09:23:30Z","Ga2n8mXgkZEKTR8huSvg1A","production",""
"Service","f651c9cc-5570-41cb-91fd-2f010ea18ce2","BioRePeel Advanced — Acne Scarring Protocol","biorepeel-advanced-acne-scarring","","treatment","Advanced Facials","advanced-facials","BioRePeel","biorepeel","Amber Mingione","Esthetician | RN Assistant","","","","From $450","","","","75 minutes","","","","","","","","","Microneedling + BioRePeel — the certified protocol for stubborn scarring","The BioRePeel Advanced Acne Scarring Protocol is Amber's combination treatment for stubborn textural scarring — it deliberately pairs microneedling with the TCA-based BioRePeel so the two work together instead of separately. Microneedling creates controlled micro-channels that trigger the skin's own remodeling response from within, and the peel's actives are then delivered through those freshly opened channels in a certified induced-peel style protocol. That combination is often the strongest single answer for the appearance of stubborn, rolling post-acne texture, because it addresses skin from the surface down (resurfacing, tone, congestion) and from within (structural remodeling) in one visit. A session runs about 75 minutes. After cleansing and degreasing the skin and confirming candidacy, the microneedling step is performed — typically with numbing for comfort — and the BioRePeel is applied so the formula reaches through the channels; a soothing, hydrating step and SPF finish the visit. Because this adds needling, expect a bit more than the standalone peel: skin can look pink or flushed and feel tight, with light flaking for some clients over the following days. Many clients notice brighter, smoother, more even-looking skin within a few days to two weeks, with collagen-driven improvement continuing to build over the following weeks, commonly peaking around four to six weeks. Honest framing: this supports the appearance of texture and post-acne marks — it is not scar removal, and it does not treat or cure acne. Deeper, established ice-pick scars respond less to any single session; real change comes across a short series the provider sets at consultation.","This is for clients whose main concern is the appearance of stubborn, textural post-acne scarring — rolling or uneven texture that a surface peel alone won't fully address — and who are comfortable with a bit more sensation and a short recovery than the standalone peel. If you have active breakouts, the Face Reality Acne Bootcamp is the dedicated path first, since this protocol is for the marks and texture left behind, not active acne. It's generally not appropriate during pregnancy or breastfeeding, with recent isotretinoin use, salicylate allergy, active infection or cold-sore flare, or a history of keloid scarring, and very deep ice-pick scars may need a different or longer plan. Final candidacy is confirmed by the provider at consultation and skin analysis.","Cleanse, degrease, and consult — the provider confirms candidacy, reviews recent product use and sun exposure, and maps your scarring. | Numbing — a topical numbing step is typically applied before needling for comfort. | Microneedling — controlled micro-channels are created to trigger the skin's own remodeling response. | BioRePeel application — the TCA-based formula is worked over the area so the actives reach through the freshly opened channels (the induced-peel step). | Soothe and protect — a calming, hydrating step and SPF finish the visit. | Aftercare and cadence — the provider gives your recovery plan and sets the series intervals for your skin.","","Combined microneedling + BioRePeel for acne scarring. Local components: microneedling $175–$195 (Skin Sanctuary/C's) + BioRePeel $325 (Skin Sanctuary). No local provider markets a combined microneedling+BioRePeel scarring protocol.","","","","Acne Scarring","","Q: Why combine microneedling with the peel instead of doing them separately?
A: Microneedling opens controlled micro-channels that let the BioRePeel actives reach deeper than a surface peel alone, while the needling itself triggers the skin's remodeling response. Together they address texture from the surface down and from within — often the strongest single answer for the appearance of stubborn scarring.

Q: Does it hurt?
A: The microneedling step is typically performed with numbing for comfort. You may feel the sensation of needling and a brief tingling or warmth from the peel. Most clients tolerate it well.

Q: How is the downtime different from the standalone peel?
A: Because this adds needling, expect a little more than the standalone peel. Skin can look pink or flushed and feel tight, with light flaking for some clients over the following days. Most people return to normal activities quickly, but reactions are individual and no downtime is guaranteed.

Q: Will this remove my acne scars?
A: It's designed to support the appearance of scarring and post-acne texture, not to remove scars. Many clients see smoother, more even-looking skin over a series, but deep, established ice-pick scars respond less to any single approach. The provider sets honest expectations at consultation.

Q: How many sessions will I need?
A: This is designed as a series. Your provider sets the number of sessions and the intervals based on your scarring and how your skin responds. Collagen-driven improvement continues to build over the weeks between sessions.

Q: What should I do afterward?
A: Wear daily SPF 30+ and avoid sun; skip makeup for about a day; avoid heat, heavy sweat, and sauna for around 72 hours; pause strong actives like AHAs, BHAs, and retinoids for one to two weeks; don't pick any flaking; and keep skin hydrated. Your provider gives the exact plan.","https://cdn.sanity.io/images/4e7axyi7/production/384ad723181a6a7540cf38a4f594d3cc5a90c6ed-1774x887.png","BioRePeelCl3 Gold and Blue bio-phasic peeling solutions","","Advanced BioRePeel for Acne Scars | Punta Gorda, FL","Certified microneedling + BioRePeel combination protocol for deep acne scarring in Punta Gorda. Induced-peel remodeling from $450.","31","2026-06-10T11:01:42Z","2026-07-17T09:23:30Z","Ga2n8mXgkZEKTR8huSvg1A","production",""
"Service","ff20c655-afa0-4955-8548-d88552e960ea","BioRePeel Body — Stretch Marks & Scarring","biorepeel-body","","treatment","Advanced Facials","advanced-facials","BioRePeel","biorepeel","Amber Mingione","Esthetician | RN Assistant","","","","From $325 per zone","","","","75 minutes","","","","","","","","","Induced-peel body remodeling — per treatment zone","BioRePeel Body brings the TCA-based BioRePeel resurfacing peel to the skin below the jawline — the back, chest, hands, and stretch-mark areas — and is priced per zone because body skin is thicker and each area is treated on its own. It's Amber's treatment. The same two-layer formula that makes the face peel work applies here: an oily outer phase shields and carries the actives while a water-based inner phase delivers the working ingredients, so you get resurfacing and stimulation with minimal-to-light flaking rather than heavy sheeting. On the body, the target is the appearance of stretch marks, crepey or rough texture, uneven tone, and back or chest congestion. Because body skin is thicker and less delicate than facial skin, a longer series is realistic — this is not a one-visit fix, and it's designed to build. A session runs about 75 minutes per zone. After cleansing and degreasing the area and confirming candidacy, the peel is applied and gently worked over the zone for a short contact time, then removed per protocol with a soothing step and SPF to finish. Sensation is a brief tingling, warmth, or mild stinging during application. Downtime is minimal: the area may look slightly pink for a few hours and feel tight or mildly dry, with light flaking for some over the following days. Honest limit: this supports the appearance of stretch marks and body texture — it does not erase stretch marks, and deeper concerns may be better matched to, or combined with, body microneedling. The provider maps zones, cadence, and expectations at consultation.","BioRePeel Body is for clients focused on the appearance of stretch marks, crepey or rough texture, and uneven tone on the body — commonly the back, chest, and hands — who want resurfacing without significant downtime. It suits those willing to commit to a series, since thicker body skin builds change more gradually than the face. It carries the same TCA-peel cautions: generally avoided during pregnancy and breastfeeding, with recent isotretinoin use, salicylate allergy, active infection, broken or sunburned skin in the area, or a history of keloid scarring, and active eczema or psoriasis in the zone may be aggravated. Deeper or more structural texture may be better served by, or combined with, body microneedling. The provider confirms candidacy, zones, and the plan at consultation.","Consultation and mapping — the provider confirms candidacy, reviews the target zones, and sets realistic expectations for body skin. | Cleanse and degrease — the treatment zone is prepped so the peel can work evenly. | Apply the peel — BioRePeel is gently worked over the zone for a short contact time. | Remove and soothe — the product is removed per protocol and a calming, hydrating step follows. | Protect — SPF is applied and the provider gives body-specific aftercare. | Series planning — because body skin is thicker, the provider maps a longer series and the intervals per zone.","Per zone. Series of 3 from $875; Series of 6 from $1,560. Body standard is the Series of 6. Recalibrated 2026-07.","No local BioRePeel-body comp published. Reference: Skin Sanctuary (PG) BioRePeel face $325 / series-of-4 $1,200; Spago peels $175–$250. Body priced per zone.","","","","Stretch Marks | Acne Scarring","","Q: Why is it priced per zone?
A: Body skin is thicker and each area — back, chest, hands, a stretch-mark region — is treated on its own, so pricing is per zone. Your provider confirms which zones make sense and the plan at consultation.

Q: Can BioRePeel help with stretch marks?
A: The Body variant is designed to support the appearance of stretch marks and body texture. It does not erase stretch marks, and deeper or more established marks are often best addressed with a series, sometimes combined with body microneedling. Outcomes are individual.

Q: Is there downtime on the body?
A: Generally minimal. The area may look slightly pink for a few hours and feel tight or mildly dry, with light flaking for some clients over the following days. Most people return to normal activities right away, though reactions vary and no downtime is guaranteed.

Q: How many sessions will I need?
A: Body skin is thicker, so a longer series is realistic and this is designed to build over sessions. Your provider sets the number and intervals per zone based on your skin and concern. A single visit is a refresh, not a full correction.

Q: Does it hurt?
A: You'll feel a brief tingling, warmth, or mild stinging during application, which usually passes quickly. There's no needle pain in the standalone body peel.

Q: What should I do after a body peel?
A: Wear daily SPF 30+ over the treated area and avoid sun; avoid heat, heavy sweat, and sauna for around 72 hours; pause strong actives for one to two weeks; don't pick any flaking; and keep the skin hydrated. Your provider gives the exact aftercare plan.","https://cdn.sanity.io/images/4e7axyi7/production/384ad723181a6a7540cf38a4f594d3cc5a90c6ed-1774x887.png","BioRePeelCl3 Gold and Blue bio-phasic peeling solutions","","Body Peel for Stretch Marks & Scars | Punta Gorda, FL","Advanced BioRePeel body protocol in Punta Gorda — microneedling + gold formula induced peel for stretch marks and scarring, from $375 per zone.","33","2026-06-10T11:01:42Z","2026-07-17T09:23:42Z","Ga2n8mXgkZEKTR8huSvjNY","production",""
"Service","52ac5d64-74cb-43fb-b67e-166fdb136a95","BioRePeel Duo — Gold Spot Upgrade","biorepeel-gold-spot-treatment","","treatment","Advanced Facials","advanced-facials","BioRePeel","biorepeel","Amber Mingione","Esthetician | RN Assistant","","","","From $395","","","","60 minutes","","","","","","","","","The full blue peel + targeted gold formula on stubborn spots","The BioRePeel Duo Gold Spot Upgrade is a targeted add-on to the standard BioRePeel face peel: after the full-face resurfacing pass with the standard formula, Amber layers a higher-strength gold formula onto stubborn, localized spots. Where the standard face formula is built around 35% TCA for all-over resurfacing, the gold formula runs a higher TCA concentration and is intended for thicker skin and more resistant localized areas — so it's applied only to the specific spots that need more, not across the whole face. The idea is precision: give the general skin surface the resurfacing it needs while giving stubborn areas a concentrated boost in the same visit. A session runs about 60 minutes. After cleansing and degreasing and confirming candidacy, the standard BioRePeel face peel is performed, then the gold formula is placed on the targeted spots, and a soothing, hydrating step with SPF finishes the treatment. Sensation is a tingling, warmth, or mild stinging during application, often a touch more noticeable over the gold-treated spots. Downtime stays minimal to light — skin may look slightly pink for a few hours and feel tight, with light flaking possible over the following days, sometimes a bit more over the spot-treated areas. Whether the gold upgrade is appropriate is the provider's call: it's not for every skin, and localized higher-strength application is decided at consultation. Honest framing: it supports the appearance of stubborn localized concerns and overall resurfacing — it is not spot removal, and real change builds with a series.","This is for clients who want the all-over benefits of the standard BioRePeel face peel plus a concentrated boost on stubborn, localized areas that need more than the standard formula provides — spots of thicker or more resistant skin. It suits clients already comfortable with the standard peel who want to target specific zones in the same visit. It's the provider's decision whether the higher-strength gold formula is appropriate for your skin, and it carries the same TCA cautions as the rest of the family: generally avoided during pregnancy and breastfeeding, with recent isotretinoin use, salicylate allergy, active infection or cold-sore flare, or a history of keloid scarring. Not every client is a candidate for the gold upgrade; candidacy and where it's applied are confirmed at consultation.","Cleanse, degrease, and consult — the provider confirms candidacy and identifies the stubborn spots that may benefit from the gold formula. | Standard face peel — the full-face BioRePeel resurfacing pass is performed with the standard formula. | Gold spot application — the higher-strength gold formula is layered onto the targeted localized areas. | Soothe — a calming, hydrating step follows the peel. | Protect — SPF is applied and the provider gives aftercare, noting the spot-treated areas. | Cadence — the provider sets the series and intervals for your skin and concern.","","Targeted higher-strength spot peel upgrade; no direct local comp. Reference: Spago peels $175–$250; Skin Sanctuary BioRePeel $325.","","","","Sun Damage","","Q: What's the difference between the standard face peel and the Gold Spot Upgrade?
A: The standard face peel uses the 35% TCA face formula across the whole face. The Gold Spot Upgrade adds a higher-strength gold formula, applied only onto stubborn localized spots after the standard peel. Your provider decides whether the gold upgrade is appropriate for you.

Q: Is the gold formula stronger?
A: Yes — it runs a higher TCA concentration and is intended for thicker skin and more resistant localized areas, which is why it's applied only to targeted spots rather than the whole face. That's also why the provider confirms candidacy before using it.

Q: Will the gold spots peel more?
A: Downtime stays minimal to light overall, but the gold-treated spots can flake a little more than the rest of the face over the following days for some clients. Don't pick any flaking, and follow the aftercare your provider gives you. Reactions are individual.

Q: Does the gold upgrade remove spots?
A: It's designed to support the appearance of stubborn localized areas and overall resurfacing — not to remove anything. Real change builds across a series, and outcomes are individual. Your provider sets honest expectations at consultation.

Q: Does it hurt more than the standard peel?
A: You'll feel a tingling, warmth, or mild stinging during application, often a touch more noticeable over the higher-strength gold spots. It usually passes quickly and there's no needle pain in this treatment.

Q: How is candidacy decided?
A: The higher-strength gold formula isn't right for every skin, so whether it's used, and where, is the provider's call at consultation and skin analysis. Not every client is a candidate for the upgrade.","https://cdn.sanity.io/images/4e7axyi7/production/384ad723181a6a7540cf38a4f594d3cc5a90c6ed-1774x887.png","BioRePeelCl3 Gold and Blue bio-phasic peeling solutions","","BioRePeel Duo — Dark Spot Upgrade | Punta Gorda, FL","BioRePeel Duo in Punta Gorda — the full blue peel plus targeted gold formula on stubborn sun spots. Two advanced formulas, one treatment, from $395.","32","2026-06-10T11:01:42Z","2026-07-17T09:23:30Z","Ga2n8mXgkZEKTR8huSvg1A","production",""
"Service","service-body-waxing","Body Waxing","body-waxing","live","standalone","Waxing","waxing","","","Aundrea Pedigo","Permanent jewelry + beauty enhancements","beauty-enhancements","per-session","","","Underarms $28 · Full Legs $85 · Bikini Full $55 · Brazilian $65 · Back $70 (full zone list in description)","","","10–45 min by zone","","","","","","","","","Smooth, head to toe — using our signature Rose wax for max comfort.","Body waxing at House of Rose is professional hair removal that pulls hair out at the root, so skin stays smooth for weeks instead of the day or two you get from shaving. Aundrea works every body zone: underarms, arms, legs, back, chest, stomach, bikini, full bikini, and she uses hard wax across the entire menu. Here is what that means in plain English: warm wax is applied over the hair, allowed to grip, then removed against the direction of growth. Because hard wax bonds to the hair itself rather than the surrounding skin, it lifts each strand from an emptied follicle instead of cutting it at the surface the way a razor does, which is gentler and more precise, especially on sensitive zones like the underarms and bikini. Hair grows in cycles, so a session catches the cohort currently in active growth. Regrowth returns with a soft, tapered tip rather than a blunt stubbly one, and over a consistent series many clients notice hair coming in finer and sparser. Expect a brief sting on removal, most pronounced at the first visit and on dense areas. Skin can look pink and feel warm for a day. Most clients stay smooth for roughly four to six weeks, which sets the natural rebook rhythm. Waxing is not permanent hair removal; the follicle is emptied, not destroyed, so hair returns.","Body waxing suits anyone who wants weeks of smoothness instead of daily shaving, whether the goal is underarms, arms, legs, back or chest, stomach, or bikini. Hard wax makes it a reasonable choice for sensitive skin and for coarse or fine hair alike. If you are on isotretinoin (Accutane) or using retinoids on the area, or if the skin is sunburned, broken, or freshly treated with a peel, laser, or microneedling, waxing is not appropriate right now and shaving is the safer interim option. Final candidacy, including any medication or area combination, is confirmed by the provider at the appointment, and individual outcomes vary.","Quick intake covering recent retinoid or Accutane use, sun exposure, and a look at the area to confirm the hair is long enough to grip. | Skin is cleansed and prepped, and the hard wax is warmed to a comfortable working temperature. | Wax is applied in the direction of hair growth, allowed to set as it cools, then removed against the growth. | Firm pressure is applied to soothe each section, and tweezing tidies any stray hairs. | A calming, soothing finish is applied, and you get your between-visit exfoliation and rebook guidance.","","European Wax Center starting rates: Brazilian $56 · Full Legs $75 · Underarms $24 · Bikini Full $47. Priced ~15–20% above EWC for hard-wax boutique positioning.","","","","Ingrown Hair","Facial Waxing","Q: How is waxing different from shaving?
A: Shaving cuts hair at the surface, so it is back in one to three days with a blunt, stubbly tip. Waxing pulls hair from the root, so skin stays smooth for weeks and regrowth comes back softer and tapered, and often finer over a consistent series. The trade-off is that waxing needs a little growth to work, and there is a brief sting shaving does not have.

Q: Does body waxing hurt?
A: There is a brief sting when the wax is removed, usually strongest at the first visit and on dense areas like underarms. Hard wax grips only the hair, not the skin, which keeps it more comfortable than strip wax, and discomfort typically lessens as hair grows in finer over a series.

Q: How long does a body wax last?
A: Most clients stay smooth for about four to six weeks. Fine stubble usually reappears within one to two weeks, with most hair back by week four to six, which is why rebooking in that window keeps results consistent and, over time, quicker as regrowth thins.

Q: Will the hair grow back thicker or darker?
A: No, that is a myth. Because waxing pulls from the root rather than cutting at the surface, many clients actually notice regrowth coming in finer and sparser over a series. Individual results vary, and waxing empties the follicle rather than destroying it, so hair does return.

Q: How do I prevent ingrown hairs between waxes?
A: Gentle, regular exfoliation is the key. Start a few days after your wax, then exfoliate two to three times a week to keep follicles clear so new hair can surface cleanly. The day-seven-to-fourteen window is when trapped hairs tend to turn ingrown, so consistency there matters most, and a gentle at-home exfoliant can be recommended.

Q: What should I avoid right after a body wax?
A: For about twenty-four hours, skip hot showers, saunas, tanning, heavy sweating, and tight clothing, and avoid active or exfoliating products on the area for a couple of days. Keep the skin clean and lightly moisturized with something fragrance-free while any pinkness settles.","https://cdn.sanity.io/images/4e7axyi7/production/733eb826d4be5d986b3500a64387f98675872b4a-1500x1500.png","body waxing by House of Rose Aesthetics","","Body Waxing","Body waxing using out signature Rose wax for max comfort in the most sensitive places.","61","2026-06-20T11:36:21Z","2026-07-20T16:01:38Z","TZ9KAsg2MhsEugJ08AZX1k","production",""
"Service","7bd92dc1-9ced-42bd-a195-e9fa4628a848","Botox & Neurotoxins","injectables","live","treatment","Injectables & Bio-Fillers","injectables-bio-fillers","Injectables & Bio-Fillers","injectables-bio-fillers","Diana","Registered Nurse (RN)","","","","From $14/unit","","","","30 minutes","","","","","","","","","Botox & Daxxify — softened lines, natural movement","Neurotoxins, also called wrinkle relaxers or neuromodulators, are precision injections of botulinum toxin type A that temporarily relax the small facial muscles behind dynamic expression lines: the frown lines between the brows, horizontal forehead lines, and the crow's feet at the outer eyes. In plain English, those creases form because repeated muscle movement folds the skin over and over. A neurotoxin is injected in tiny amounts into the specific muscle and temporarily quiets the nerve signal that tells it to contract, so the muscle relaxes and the skin above it creases less. One level deeper: botulinum toxin type A cleaves SNAP-25, a protein the nerve needs to release acetylcholine, the messenger that triggers contraction. That effect is partial, localized, and reversible, and it wears off as nerve terminals regenerate over months, which is exactly why maintenance is part of the treatment. At House of Rose, Diana, our injecting RN, offers two options under medical-director oversight. Botox is the long-established standard, typically lasting about three to four months. Daxxify is a newer, peptide-stabilized neuromodulator with a median duration of roughly six months in trials. The visit is quick, around 20 minutes, with little to no downtime. Results build over about two weeks. The aim here is softened movement dosed to your anatomy, not a frozen look. Individual outcomes vary, and not every client is a candidate.","This is for adults bothered by dynamic expression lines, the frown, forehead, and crow's-feet lines that show up when you move, who want a subtle softening while keeping natural expression. Some clients start earlier as maintenance, since reducing repetitive folding can support the appearance of smoother skin over time. It is not the right tool for volume loss, deep static folds visible at rest, skin laxity, or surface texture; those call for filler, PRF, or resurfacing instead. Neurotoxins are not offered during pregnancy or breastfeeding, and certain neuromuscular conditions rule them out. Final candidacy, area selection, and dosing are always confirmed by Diana, RN, at consultation.","Consultation and medical review: Diana reviews your history, medications, and goals, and confirms you are a candidate for treatment. | Muscle mapping: she assesses how your muscles move (frown, brow-raise, squint) and maps injection points and a dose plan for your areas. | Injection: a series of small injections with a very fine needle into the mapped muscles; most clients feel a brief pinch or sting at each point. | Comfort and finish: ice or topical comfort measures may be used at Diana's discretion; the whole visit runs roughly 20 minutes. | Same-day return: minor redness or small bumps usually settle within an hour, and most clients resume normal activity right away. | Two-week follow-up: results build over about two weeks, and a check-in lets Diana assess and refine if needed.","","Botox: Sweet Spot MediSpa (Punta Gorda/Fort Myers) ~$14/unit (client-reported; no per-unit rate published on their current site). FL average $10–$20/unit. Local injectors: Sweet Spot, FIBB, dermani MedSpa, Florida Skin Center, Associates in Dermatology. Per unit, anatomy-dependent. Live-verified 2026-07.","","","","Fine Lines & Laxity","ProCell Microchanneling | IV Hydration Therapy","Q: What is the difference between Botox and Daxxify?
A: Both are botulinum toxin type A and work the same way, by temporarily relaxing the muscles that cause expression lines. Botox is the long-established standard and typically lasts about three to four months. Daxxify is a newer, peptide-stabilized option with a median duration of about six months in trials, and improvement out to nine months for some clients. The peptide is a stabilization difference, not a different action. Diana helps you choose based on how often you would prefer to come in.

Q: How long does it last, and when will I see results?
A: Botox typically lasts about three to four months; Daxxify's median in trials was about six months, with some clients seeing improvement out to nine. Most people see results building over roughly two weeks, with early changes in the first several days. A follow-up around the two-week mark lets Diana assess and refine. Individual outcomes vary with dose, area, muscle strength, and metabolism.

Q: Will I look frozen?
A: The goal is softened movement, not a frozen look. Diana doses conservatively to your individual anatomy so your expression stays natural. Because the effect is temporary and builds gradually over about two weeks, adjustments are a normal part of the process rather than a permanent commitment.

Q: Does it hurt, and is there downtime?
A: Most clients find it very tolerable, a brief pinch or sting at each tiny injection point, and the visit is quick at roughly 20 minutes. Downtime is generally minimal. You may have small bumps or slight redness that settle within an hour, and occasional minor bruising, especially near the eyes. Most people return to normal activities the same day.

Q: Is Daxxify FDA-approved?
A: Yes. Daxxify (daxibotulinumtoxinA) received FDA approval in 2022 for the temporary improvement of moderate to severe frown lines (glabellar lines) in adults. Botox Cosmetic (onabotulinumtoxinA) is FDA-approved for moderate to severe frown lines, crow's feet, and forehead lines in adults. Your specific plan and dosing are always determined by Diana at consultation.

Q: Are there reasons I could not have it?
A: Yes. Neurotoxins are not offered during pregnancy or breastfeeding. Certain neuromuscular conditions, such as myasthenia gravis, along with known allergy to botulinum toxin or its components, active infection at the injection site, and some medications, can make treatment inappropriate. Diana reviews your full history to confirm you are a candidate. Not every client is one.","","Injectables treatment room at House of Rose with floral wall and treatment chair","https://cdn.sanity.io/images/4e7axyi7/production/e49b1e75a040c575d98edd210ebe9cfcaf70109d-1200x1200.webp — Injectables treatment room at House of Rose with floral wall and treatment chair","Botox & Daxxify in Punta Gorda, FL | House of Rose","Botox and Daxxify in Punta Gorda — personalized dosing in a private, appointment-only studio. Consultation first, always.","1","2026-04-28T07:02:31Z","2026-07-21T18:59:20Z","thy8xfDWtsX68YzGxF3mT8","production",""
"Service","46fb011c-6d0c-4667-83e4-81c7d87a3feb","Dermal Fillers","dermal-fillers","live","treatment","Injectables & Bio-Fillers","injectables-bio-fillers","Injectables & Bio-Fillers","injectables-bio-fillers","Diana","Registered Nurse (RN)","","","","From $650","","","","45–60 minutes","","","","","","","","","RHA & Juvéderm — restored volume, natural movement","Dermal fillers at House of Rose are smooth hyaluronic-acid (HA) gels that Diana, RN, injects to restore volume the face has lost, refine contour, and soften folds in the lips, cheeks and midface, and the lines running from nose to mouth. In plain English, hyaluronic acid is a water-binding sugar your own skin already makes; as the face ages it loses HA, fat, and bone support, so cheeks flatten, folds deepen, and lips thin. A filler is HA gel placed under the skin to physically replace that lost volume, so you see the result immediately rather than weeks later, and because it is the same base molecule your body recognizes, it integrates and is gradually broken down over months. One level deeper: manufacturers cross-link the HA into a durable gel, and how firm versus soft that gel is (its lift versus spread) determines where it belongs. House of Rose carries two HA families. The Juvederm line leans toward cohesive structure and longevity: Voluma XC is a firm, high-lift gel for cheek and midface support, while Ultra XC is a softer gel for lips and lower-face lines. The RHA Collection (RHA 1, 2, and 3) is engineered to stretch and recoil with expression, so it stays natural in animated areas. HA is fully reversible with an enzyme called hyaluronidase, a genuine safety feature. Volume shows immediately; the true result settles over about two weeks. Individual outcomes vary, and not every client is a candidate for every product or area.","This suits clients who want to restore flattened midface or cheek volume, add definition or fullness to lips, or soften static folds like the nose-to-mouth lines, while keeping a natural, movement-preserving result. Filler adds volume; it does not relax the muscles behind dynamic expression lines (that is neurotoxin's job) or resurface texture and tone (that is PRF, microchanneling, or peels). Under the eyes specifically, HA is often not the first choice, and PRF may be preferred. Fillers are not offered during pregnancy or breastfeeding, and factors like HA or lidocaine allergy, bleeding disorders, or a keloid tendency may defer treatment. Diana confirms product, dosing, area, and candidacy at consultation.","Consultation first: Diana assesses your anatomy, goals, and history, explains realistic outcomes, and selects the product and amount. | Facial mapping: photos and marking of the injection points for your treatment areas. | Prep and comfort: cleanse and prep, with a topical numbing step if used; every filler here also contains lidocaine for comfort. | Injection: placement via a fine needle or a blunt-tip cannula, which can reduce bruising and vessel risk in some areas. | Molding and check: gentle shaping of the result and a look-and-adjust review before you leave. | Settling and refinement: volume shows immediately, settles over about two weeks, and a refinement visit at two to four weeks is common.","","HA filler ~$650–$800/syringe regionally (Houck Dermatology, Bonita Springs $650–$800; Naples/Fort Myers avg ~$750). Local carriers of Juvéderm/RHA/Restylane/Radiesse: Sweet Spot, FIBB, Florida Skin Center. Priced per syringe (1–3+ typical). Live-verified 2026-07.","","","","Fine Lines & Laxity","Dermal Fillers | GLP-1 Weight Management | Botox & Neurotoxins","Q: What are dermal fillers made of, and how long do they last?
A: They are hyaluronic acid, a water-binding sugar your skin already produces, formulated into a smooth gel. House of Rose uses the Juvederm and RHA HA families. Longevity depends on product and area: cheeks with Voluma XC up to about 24 months, lips and lower face with Ultra XC up to about a year, and the RHA Collection up to about 15 months. Movement-heavy areas like lips trend toward the shorter end, and your result is individual.

Q: What is the difference between RHA and Juvederm?
A: Both are hyaluronic acid, engineered for different goals. Juvederm leans toward cohesive structure and longevity: Voluma XC is a firm, high-lift gel for cheek scaffolding, and Ultra XC is a softer gel for lips. RHA is built to stretch and move with your expressions, so it is favored where the face is most animated. Diana matches the gel to the job rather than treating one as universally better.

Q: Is filler reversible?
A: Yes, and it is a key advantage of hyaluronic acid. An enzyme called hyaluronidase can dissolve HA filler, whether to refine a result or to resolve a problem quickly. This reversibility is a core safety feature and one reason HA is the most-used filler category. It is also why placement by a trained RN under medical oversight matters.

Q: Can filler fix my under-eye dark circles?
A: Sometimes, but under the eyes we often prefer PRF, a natural option made from your own blood, because HA placed under thin under-eye skin can hold water and puff. A true deep hollow may still need a small, careful amount of HA, or a combination. Diana will tell you honestly which approach fits your anatomy at consultation.

Q: Are these products FDA-approved?
A: Yes, for their labeled uses. Juvederm Voluma XC is FDA-approved for cheek and midface volume, Juvederm Ultra XC is FDA-approved for lip and perioral augmentation, and RHA 2, RHA 3, and RHA 4 are FDA-approved for dynamic facial wrinkles and folds. RHA 1, as offered here, is the finest tier for fine lines and delicate areas. Your specific plan and product are chosen by Diana.

Q: What is the downtime, and does it hurt?
A: Plan for a few days of possible swelling, tenderness, redness, and occasional bruising; lips can swell noticeably for 24 to 72 hours, so many people book around a visible event. Most clients tolerate the treatment well: every filler used here contains lidocaine, and a topical numbing step is available. Lips are the most sensitive area, with small pinches and pressure the usual sensation.","https://cdn.sanity.io/images/4e7axyi7/production/342cc4d829534817ccaf37dfd59f84f516ee7026-1500x1500.png","Injectables treatment chair in the House of Rose aesthetics suite in Punta Gorda, FL","","Dermal Fillers in Punta Gorda, FL | House of Rose","RHA and Juvéderm dermal fillers in Punta Gorda from $650/syringe — natural results in a private luxury studio.","2","2026-06-10T09:48:53Z","2026-07-20T17:32:50Z","TKR6NCHvVC2NQN4yJgqLNK","production",""
"Service","e8b38f03-900f-4ec5-9246-07cc1b65ed11","Dermaplaning","dermaplaning","live","standalone","Enhancements & Add-ons","enhancements-add-ons","","","Amber Mingione","Esthetician | RN Assistant","","","","From $135","","","","50 minutes","","","","","","","","","The glass-skin finish","Dermaplaning is a manual exfoliation treatment in which Amber uses a sterile, single-use blade to gently sweep away the outermost layer of dead surface skin cells and the fine vellus hair, the peach fuzz, on the face. Held at roughly a forty-five-degree angle and worked in light, feathery strokes on dry skin, the blade removes two things in one pass: the loose dead cells sitting on the surface and the fine hair on top of them. The result is skin that looks instantly smoother, brighter, and camera-ready, with a surface that takes makeup evenly and lets skincare absorb more readily. Because it clears that dulling layer, it is a favorite week-of treatment before weddings, photos, and events. About the myth that shaving or dermaplaning makes hair grow back thicker or darker: it does not. Vellus hair grows back the same size, shape, and color it was before, because cutting a hair at the surface does not change the follicle, its diameter, its growth rate, or its pigment. It removes only the tapered tip, which can make regrowth feel momentarily blunt, never actually thicker. This is a superficial, esthetician-grade exfoliation that works at the very top of the epidermis. It is comfortable and essentially downtime-free, though skin may look slightly pink or feel briefly tight. The glow lasts around three to four weeks as natural turnover restores the surface, so most clients maintain it about once a month. It is a smoothing and prep treatment, not a corrective or collagen-building one.","Dermaplaning suits clients who want an instant, low-downtime smoothing and brightening, anyone prepping for an event or photos, people bothered by peach fuzz that makes foundation look patchy, and those with dry, flaky, or dull-textured skin who want their skincare or a follow-on facial to work harder. It is also comfortable for people who dislike the tingle of chemical exfoliation. It is generally not appropriate over active acne breakouts, an active rosacea or eczema flare, cold sores, sunburn, or broken or very reactive skin, and it is not a substitute for waxing when the goal is coarse-hair removal, which is Aundrea's or Brandy's lane. Final candidacy is confirmed by the provider at consultation and skin analysis, and individual outcomes vary.","Consult and skin analysis, where the provider confirms candidacy, checks for contraindications like active acne or a rosacea flare, and reviews your goals. | The skin is thoroughly cleansed and fully dried, since dermaplaning is performed on dry skin so the blade glides. | Using a sterile, single-use blade at about forty-five degrees, the provider works in small sections with short, light, feathery strokes, holding the skin taut. | Dead surface cells and vellus hair are removed, revealing an immediately smoother, brighter surface. | A soothing serum and hydration go on, followed by SPF, with optional add-ons such as an enzyme step, hydrating mask, or LED.","","Dermaplaning: Port Charlotte from ~$40 (Fresha); dermani MedSpa (Fort Myers) dermaplaning-inclusive facial $200 member / $300; Skin Sanctuary (PG) offers it. HoR $135 standalone sits mid-range.","","","","","","Q: Will the hair grow back thicker or darker?
A: No. Dermaplaning removes fine vellus, peach-fuzz, hair at the surface, and it grows back the same size, shape, and color it was before. Cutting a hair does not change the follicle, its thickness, or its pigment. This is the same well-worn shaving myth, and it applies here too.

Q: Does dermaplaning hurt, and is there any downtime?
A: Most clients find it painless and even relaxing, describing a light feathering or scraping sensation with no numbing needed. Downtime is essentially none; skin may look slightly pink or feel a touch tight briefly. It is a classic quick-turnaround, lunchtime-style treatment.

Q: How long do results last, and how often should I get it?
A: The smooth, bright finish typically lasts about three to four weeks as your skin's natural turnover cycle restores the surface layer and the vellus hair. Because skin turns over roughly monthly, most clients maintain the look with a session about once every four weeks, which is why a Package of 4 is offered. Your provider individualizes the spacing.

Q: Can I do it if I have active acne or rosacea?
A: Generally not during active acne breakouts, since the blade can irritate active lesions and spread bacteria. With rosacea it is approached with caution and not during a flare. If your skin is calm and clear, the provider will confirm candidacy at consultation; if it is inflamed or reactive, they will steer you toward gentler options.

Q: How does dermaplaning compare to facial waxing?
A: They do different jobs. Dermaplaning removes fine peach-fuzz vellus hair and exfoliates dead skin, so its main purpose is smoothing and brightening. Facial waxing pulls coarser hair from the root, so it lasts longer but does not exfoliate. Choose dermaplaning for glow and makeup-readiness; choose waxing for durable removal of more defined facial hair. Facial waxing is Aundrea's or Brandy's lane, not Amber's.

Q: How should I care for my skin afterward?
A: Wear broad-spectrum SPF 30 or higher daily and limit direct sun for a few days, which matters here in SW Florida since freshly exfoliated skin is more sun-sensitive. Pause retinoids and exfoliating acids for about seventy-two hours, skip saunas and heavy sweat briefly, keep skin hydrated, and do not pick or scrub. If pairing with facial waxing, allow a gap, commonly about a week.","","Facial and waxing treatment room at House of Rose","https://cdn.sanity.io/images/4e7axyi7/production/870f3b6efc6db0052711f13a4e075a94db962fef-1200x900.webp — Facial and waxing treatment room at House of Rose","Dermaplaning in Punta Gorda, FL","Dermaplaning at House of Rose removes surface buildup and fine vellus hair for a smoother-looking finish. Appointments start at $135.","5","2026-04-29T05:37:28Z","2026-07-21T18:59:38Z","thy8xfDWtsX68YzGxF3oVQ","production",""
"Service","service-everyday-makeup","Everyday Makeup","everyday-makeup","live","standalone","Makeup","makeup","","","Aundrea Pedigo","Permanent jewelry + beauty enhancements","","per-session","","$30","","","","25 minutes","","","","","","","","","Your polished everyday look.","Everyday Makeup is a quick, 25-minute application for a polished, natural day-to-day look — skin-first enhancement that still looks like you, only more put-together. Aundrea applies professional Jane Iredale mineral makeup, the breathable, non-comedogenic line House of Rose has standardized on (often called “The Skincare Makeup”), so your skin still looks like skin rather than a mask. She starts by prepping and priming the skin, then builds a light, wearable base and evens tone with concealer where you need it, adds a soft touch of color on the cheeks and eyes, defines the brows, and finishes the lips — a complete but understated look tailored to your features and coloring. It is perfect for a confidence refresh, a work day, a lunch date, or simply feeling done without the fuss. There is no downtime, and the mineral formula wears comfortably; many clients love that it feels light and breathable through the day. If you would like, Aundrea can note the products used so you can recreate the look at home. Honest limits: makeup is cosmetic — it enhances and evens the appearance of the skin, but it does not treat any skin condition. If you have a recent skin treatment or very reactive skin, timing and approach may be adjusted, and your provider confirms what suits you. For a more built-up, camera-ready look, the Soft Glam or Full Glam applications are the step up.","Ideal for anyone who wants a natural, polished everyday look done for them — a confidence boost, a casual occasion, or simply feeling put-together without doing it yourself. The skin-first mineral approach suits those who prefer a clean, breathable finish. If you are getting ready for photos or a special event, the more built-up Soft Glam or Full Glam / Bridal applications will suit the occasion better.","Prep and prime the skin | Build a light, natural Jane Iredale mineral base | Even tone with concealer where needed | Add soft cheek and eye color and define the brows | Finish the lips and set the look","","SW FL everyday/soft-glam makeup application ~$50–$100 (regional artists/vendors); no firm published local med-spa rate. HoR $30 is well below market — provider decision (Aundrea).","","","","","Soft Glam / Event Makeup | Full Glam / Bridal Makeup","Q: What makeup do you use?
A: Professional Jane Iredale mineral makeup — a breathable, non-comedogenic, talc-free line known as “The Skincare Makeup” that wears comfortably and lets your skin still look like skin.

Q: How is this different from event makeup?
A: Everyday Makeup is a lighter, natural, day-to-day look done in a shorter session. Event applications (Soft Glam and Full Glam) are more built-up and camera-ready, with longevity and photography in mind, and take more time.

Q: Can I have makeup applied after a facial or skin treatment?
A: Often, yes — mineral makeup is non-comedogenic and is a common choice for post-treatment wear. Timing depends on the specific treatment and your provider's guidance, so we confirm suitability with you first.

Q: Can I buy the products used on me?
A: Yes — Aundrea can match you to the Jane Iredale products used so you can recreate the look at home. Just ask during your visit.","","","","","","1","2026-07-14T01:36:11Z","2026-07-17T09:23:42Z","Ga2n8mXgkZEKTR8huSvjNY","production",""
"Service","9d81bb43-e3ff-4244-a8be-58d3ffd9c475","EZ Gel Bio-Filler","ez-gel-bio-filler","proposed","treatment","Injectables & Bio-Fillers","injectables-bio-fillers","Platelet-Rich Fibrin (PRF)","prf","Diana","Registered Nurse (RN)","injectables-bio-fillers","consult","","","","","","","","","","","","","","","A Diana, RN consultation for an EZ Gel injectable treatment plan.","PRF EZ Gel is an autologous bio-filler, made entirely from your own blood, that adds subtle, temporary volume while your body's own growth factors keep working to support collagen. It starts the same way as injectable PRF, a small blood draw spun with no additives, but goes a step further: the plasma fraction is gently heated (denaturing your own albumin) and then cooled, and mixed back with the growth-factor fraction to form a soft albumin gel. In plain English, that heat-and-cool step turns thin, quickly resorbed PRF into a gel with enough structure to gently fill, so it works as a natural-derived alternative to synthetic filler while it also builds skin quality over time. One level deeper: liquid PRF is excellent for skin quality but too thin to replace lost volume on its own; the commercial process names its heat and cool steps and produces a gel that, once injected, gives structure for roughly four to six months while collagen support continues longer. It contains no synthetic material and no animal additives, so the risk of allergic reaction or rejection is very low. Diana, RN, performs EZ Gel under medical-director oversight; the visit runs longer than a standard PRF injection because of the processing step. This is Diana's injectable lane, distinct from Amber's topical PRF, which is applied over microchanneling and never injected. An honest limit: EZ Gel delivers subtle volume, not the meaningful, structured correction of HA filler, so it is never positioned as an equivalent. Individual outcomes vary, and not every client is a candidate.","This is for clients who want a natural-derived, regenerative option with subtle volume and skin-quality gains, and who prefer material made from their own biology with a very low allergy or rejection profile. It suits under-eye rejuvenation, early laxity, and softening the look of shallow hollows. It is not the right choice for deep folds, strong cheek projection, or anyone wanting meaningful structured volume; those call for HA filler, and the two can be complementary. Active infection at the site, certain blood or bleeding disorders, current anticoagulation, and pregnancy or breastfeeding are generally deferred. Diana, RN, confirms candidacy and whether EZ Gel or HA filler fits your goal.","Consultation and candidacy: Diana reviews your goals, anatomy, contraindications, and medications, and sets honest expectations for subtle volume. | Blood draw: a small sample drawn like routine lab work. | Processing: the plasma is run through a heat step and a cool step to form the soft albumin gel, then combined with the growth-factor fraction. | Comfort: topical numbing as appropriate, with fine needles or a cannula for delicate areas. | Injection: Diana places the EZ Gel to add subtle structure while the growth factors keep working. | Recovery and series: mild swelling settles over 24 to 72 hours; plans are often a series with maintenance, since the volume effect is temporary.","Consultation required; investment and protocol details are discussed after candidacy is reviewed.","PRF EZ-Gel biofiller: Luxe Med Spa (Orlando) 3 sessions $1,700; Afrooz Med Spa 'EZ Gel Volumize' $1,000. No Punta Gorda comp. Positioned as a natural alternative to HA filler ($650–$800/syringe locally). Live-verified 2026-07.","","","","","PRF Injections | Platelet-Rich Fibrin (PRF) | Topical PRF with Microchanneling or Microneedling","Q: What is EZ Gel bio-filler?
A: It is your own plasma gently heated and cooled into a soft gel that adds subtle, temporary volume while your body's own growth factors keep working to support collagen. Because it is made entirely from your own blood, with no synthetic material and no animal additives, it is a natural-derived alternative to synthetic filler with a very low allergy or rejection profile. Diana, RN, performs it under medical-director oversight.

Q: How is EZ Gel different from HA dermal filler?
A: EZ Gel is autologous, made from your own blood, and it builds collagen while it holds, but it delivers only subtle volume and does not last as long per session. HA filler is a synthetic hyaluronic-acid gel that gives more, and more predictable, volume, lasts longer, and is reversible with hyaluronidase. Choose EZ Gel for a natural-derived, regenerative option; choose HA filler for meaningful structured correction. The two can be combined, and Diana helps you decide.

Q: How long does the volume last?
A: EZ Gel's volumizing effect is temporary, typically lasting roughly four to six months, while its regenerative, collagen-supporting effect continues longer. Because the volume fades, plans are often built as a series with maintenance. Longevity figures are commonly cited from clinical use rather than large trials, and individual outcomes vary with your skin, age, and lifestyle.

Q: Is there downtime, and does it hurt?
A: Downtime is minimal, but expect mild swelling, redness, and possible bruising for a few days; under-eye swelling is often most noticeable the next morning and settles within 24 to 72 hours. There is a brief pinch at the blood draw and small pinches or pressure at the injection points, with numbing to keep it well-tolerated. The visit runs longer than a standard PRF injection because of the processing step.

Q: Is EZ Gel a replacement for filler?
A: No, and we are careful not to position it that way. EZ Gel gives subtle volume plus skin-quality gains; it does not match HA filler for meaningful, structured volume correction like deep folds or cheek projection. That is an honest limit, not a weakness. Many clients legitimately combine the two, and Diana will tell you honestly which fits your goal at consultation.

Q: Is it made from my own blood, and is that safe?
A: Yes. EZ Gel is fully autologous, processed from a small sample of your own blood with no synthetic material and no animal additives, which is why the risk of allergic reaction or rejection is very low. Side effects are usually mild and short-lived. The preparation device is FDA-cleared; the cosmetic procedure itself is not FDA-approved, and we never claim that it is. Final candidacy is confirmed by Diana, RN.","","","","EZ Gel Bio-Filler Consultation in Punta Gorda","Understand the provider-led EZ Gel bio-filler consultation process with Diana, RN at House of Rose in Punta Gorda.","133","2026-06-10T09:48:53Z","2026-07-17T09:23:30Z","Ga2n8mXgkZEKTR8huSvg1A","production",""
"Service","522cd772-c891-46b6-b3cf-2a24197264bc","Face Reality Acne Program","face-reality-acne-program","live","hub","Acne Bootcamp","acne-bootcamp","","","Amber Mingione","Esthetician | RN Assistant","","","","","","","","12-week program","","","","","","","","","A 12-week path to clear skin","The Face Reality Acne Program at House of Rose is a structured, coaching-based path to clearer-looking, calmer skin — not a one-off facial. Led by Amber, a Face Reality Certified Acne Specialist in Punta Gorda, it treats the whole picture over time rather than chasing a single breakout. Most stubborn congestion returns because the skin keeps making the conditions for it, so the method works on three fronts at once: a customized daily home-care regimen you follow every day, biweekly in-studio visits (double cleanse, an enzyme treatment or acne peel, expert extractions, and high-frequency or LED light), and coaching — Amber helps you remove pore-clogging ingredients from your products and identify triggers, then adjusts the routine every two weeks as your skin adapts. That measured, evolving adjustment is the real engine; the products and treatments only work when the daily routine is actually followed, which is why this is sold as a full program, not by the session. The home-care system is typically built around alternating mandelic acid (a gentler AHA often favored for sensitive and melanin-rich skin) and benzoyl peroxide. Face Reality's method is designed to show visible improvement in roughly six to eight weeks, with more clearing over three to six months, depending heavily on your acne type and consistency. Individual outcomes vary. It is designed for the appearance of persistent or recurring breakouts, not deep cystic or nodular acne, which warrants a dermatologist.","The program is designed for people with persistent, recurring, or moderate breakouts — the appearance of blackheads, whiteheads, congestion, and papules or pustules — that one-off facials haven't kept ahead of, and who want a plan and a partner rather than a single fix. It suits sensitive and melanin-rich skin prone to post-breakout dark marks, since the mandelic-forward approach is chosen partly to be gentler. It is not the right fit for deep, painful cystic or nodular acne, widespread inflammation, or actively scarring acne — those warrant a dermatologist first, and we'll say so and refer you out. Anyone on or considering isotretinoin (Accutane) should confirm timing with their physician. Because results depend on doing the daily home care, it works only when you're ready to commit; not every client is a candidate, and final candidacy is confirmed by Amber at consultation.","Consultation and skin analysis: Amber grades the breakouts, reviews likely triggers, and teaches you how to read product ingredient lists; baseline photos are taken for progress tracking with your consent. | Your first session typically also includes a cleanse and exfoliation, extractions, and LED, plus hand-off of your initial home-care regimen with personalized instructions. | Daily home care between visits: a personalized set of Face Reality products — usually alternating mandelic acid and benzoyl peroxide with barrier and hydration support — used exactly as instructed. | Biweekly in-studio visits every two weeks: double cleanse, enzyme treatment or acne peel, expert extractions of ready congestion, then high-frequency and/or LED. | Progress check and adjustment: Amber strengthens your routine in small, measured steps before your skin gets used to it — not so fast it becomes dry or irritated. | Coaching throughout: ongoing removal of pore-clogging products, trigger guidance, and reassurance through any purge phase, then a lighter maintenance routine once skin is calmer.","","Regional acne-treatment visits ~$99–$150/session; certified Face Reality programs $500–$900. No local certified Face Reality provider markets this (Amber is Face Reality certified).","","","","Acne Scarring","","Q: Is this a single facial or a full program?
A: It's a full program, sold as a complete 12-week path rather than by the session. The biweekly cadence and the home-care routine that gets adjusted every two weeks are what make the method work, so the pieces aren't meant to be taken apart. If you'd rather sample the experience first, a single Acne Peel or Back Treatment is a way to step in and step up from there.

Q: Will the program cure my acne?
A: No — and we won't tell you it will. This is a non-medical, esthetics-based coaching program designed to support clearer-looking, calmer skin and better skin habits, focused on the appearance of breakouts. Many clients notice meaningful improvement, but individual outcomes vary, and prescription or medical care is a dermatologist's role, not an esthetician's.

Q: How is home care handled, and does it really matter that much?
A: Honestly, it's the biggest factor. Amber builds a personalized set of Face Reality products for your acne type, skin type, skin tone, sensitivity, and environment — usually alternating mandelic acid and benzoyl peroxide with barrier support — and you use it every day. The in-studio visits accelerate progress, but the daily routine is what carries the result. The routine is always specialist-selected, never self-prescribed.

Q: Might my skin break out more at first?
A: Possibly. A temporary purge can happen in the first few weeks as exfoliation brings congestion that was already forming up to the surface faster. It's part of the process and not a sign of failure, and the program's structure is built to carry you through it. Home-care actives can also cause temporary dryness or flaking, which Amber dials in at each visit.

Q: Should I see a dermatologist instead?
A: If you have deep, painful cystic or nodular acne, widespread inflammation, or acne that's actively scarring, yes — start with a dermatologist, who can prescribe topical or oral care. Our program is non-prescription and can run alongside a physician's plan when coordinated. If your skin would be better served medically, we'll tell you honestly and refer you out. That's the responsible answer.

Q: What about acne scars and dark marks after I'm clear?
A: Scarring is a texture concern and a different path from active breakouts. Once your skin is calmer, we can look at BioRePeel or Microneedling — Corrective for the appearance of acne scarring and texture. Post-breakout dark marks are addressed within the program's mandelic-forward, brightening-supportive home care. The idea is clear first, then refine.","https://cdn.sanity.io/images/4e7axyi7/production/742c7d93aad92dba6c1267f84a9a0530ea79c2d5-596x335.jpg","Skin treatment room at House of Rose Aesthetics","","Face Reality Acne Program in Punta Gorda, FL | House of Rose","Face Reality certified acne treatment in Punta Gorda — a drug-free 12-week program with biweekly treatments and adaptive home care. Treatments from $139.","6","2026-06-10T09:48:53Z","2026-07-23T01:00:12Z","thy8xfDWtsX68YzGxL4GvQ","production",""
"Service","service-facial-waxing","Facial Waxing","facial-waxing","live","standalone","Waxing","waxing","","","Aundrea Pedigo","Permanent jewelry + beauty enhancements","beauty-enhancements","per-session","","","Brows $25 · Lip $15 · Chin $15 · Cheeks/Sideburns/Neck $18 · Nose/Ears $18 · Brow+Lip $35 · Full Face $70","","","5–30 min by zone","","","","","","","","","Hard wax only — precise, gentle, face-framing.","Facial waxing at House of Rose shapes and cleans up the face zone by zone, removing hair from the root so the results last weeks rather than days. It covers brows, upper lip, chin, cheeks, sideburns, neck, nose, and ears, and it is offered by both Aundrea Pedigo and Brandy. Every facial wax uses hard wax, which matters more on the face than almost anywhere else: hard wax is applied thicker, hardens as it cools, and shrink-wraps around the hair so it adheres to the hair rather than the delicate surrounding skin. That means less pull on the skin, less irritation, and cleaner precision around the brow line and lip. Brow work begins with mapping and shaping to your desired shape, not just clearing stray hairs. The visit is quick, five to thirty minutes depending on how many zones, and there is a brief sting on removal that eases as hair grows in finer over a series. Skin may look pink and feel warm briefly. Because facial skin is sensitive and often treated with actives, timing matters: retinoids such as tretinoin, retinol, and adapalene should be paused on the area beforehand, and isotretinoin (Accutane) is a firm no during and for a period after treatment. Most hair returns in four to six weeks, and consistency at that cadence brings finer, sparser regrowth over time. This is grooming and smoothness, not a permanent removal.","Facial waxing is a good fit for anyone tidying brow shape, upper-lip or chin hair, or doing a full-face cleanup, and hard wax makes it comfortable on sensitive facial skin. It pairs naturally with brow shaping before makeup. If you use retinol, Retin-A, adapalene, or other retinoids on the area, they must be paused first, and if you are on isotretinoin (Accutane) or the skin is sunburned, broken, breaking out, or freshly treated with a peel, laser, or microneedling, facial waxing is not appropriate right now. Tell your provider what you use, and final candidacy and timing are confirmed at the appointment. Individual outcomes vary.","Quick intake covering recent retinoid or Accutane use and sun exposure, plus brow mapping and shaping when brows are on the list. | The skin is cleansed and prepped, and hard wax is warmed to a comfortable working temperature. | Wax is applied in the direction of growth for each small zone, allowed to set, then removed against the growth. | Gentle pressure soothes each area, and tweezing tidies any stray hairs for a clean finish. | A calming, soothing product is applied while any pinkness settles.","","European Wax Center starting rates: Eyebrows $21 · Lips $12 · Chin $13 · Full Face $59. Priced ~15–20% above EWC for hard-wax boutique positioning.","","","","","","Q: Why hard wax and not strip wax on the face?
A: Hard wax bonds to the hair rather than the surrounding skin, so it is gentler and more precise, which is exactly what sensitive facial skin needs. It can also be re-applied to stubborn spots without re-stripping live skin. House of Rose uses hard wax across the entire face menu.

Q: Can I get facial waxing if I use retinol or Retin-A?
A: Not on the area being waxed without pausing it first. Retinoids such as retinol, Retin-A, and adapalene thin and sensitize the skin and raise the risk of the wax lifting live skin. Let your provider know what you use and they will advise a timeline for stopping and resuming.

Q: Can I be waxed while on Accutane?
A: No. Facial waxing is not safe during isotretinoin (Accutane) treatment or for a period after, because the medication thins your skin and raises the risk of the wax lifting live skin. This is a firm safety line, and your provider will confirm timing based on your prescriber's guidance.

Q: Does facial waxing hurt?
A: There is a brief sting when the wax is removed, usually strongest at the first visit. Hard wax grips only the hair, not the skin, which keeps it more comfortable, and discomfort typically eases as hair grows in finer over a series.

Q: How long does facial waxing last, and how often should I come back?
A: Most clients stay smooth for about four to six weeks. Fine stubble usually returns within one to two weeks, with most hair back by week four to six, which is why rebooking in that window keeps the shape consistent. Over a series, regrowth often comes in finer and sparser.

Q: Can I add a facial wax to a facial?
A: Often, yes, but sequencing matters. A lip, chin, or brow tidy can pair with a facial, but the provider will not wax an area that just had a peel, dermaplane, or microneedling, and will avoid waxing immediately before a facial that uses actives on the same zone. The provider sequences this at the appointment.","","Facial and waxing treatment room at House of Rose","https://cdn.sanity.io/images/4e7axyi7/production/870f3b6efc6db0052711f13a4e075a94db962fef-1200x900.webp — Facial and waxing treatment room at House of Rose","","","60","2026-06-20T11:36:21Z","2026-07-21T19:00:40Z","thy8xfDWtsX68YzGxF48Zc","production",""
"Service","service-full-glam-bridal-makeup","Full Glam / Bridal Makeup","full-glam-bridal-makeup","live","standalone","Makeup","makeup","","","Aundrea Pedigo","Permanent jewelry + beauty enhancements","","per-session","","$175","","","","2 hours","","","","","","","","","Full glam for your biggest day.","Full Glam / Bridal Makeup is our most complete application — a two-hour session for the biggest days, designed to look flawless in person, hold up from morning to last dance, and photograph beautifully from every angle. It is the tier for brides, bridal parties, and anyone wanting maximum, long-wearing glam. Aundrea works in professional Jane Iredale mineral makeup, a skin-first line chosen so the finish reads clean under a camera flash without harsh flashback while still delivering full, polished coverage. The unhurried two hours allow for a meticulous build: careful skin prep and priming, a long-wearing base with color correction and detailed concealing, a fully built and blended eye with lashes, sculpted contour and highlight, precise brows, and a lasting lip — every element refined and set for endurance. For weddings and photography, a separate trial run beforehand is strongly recommended: together you coordinate eye, lip, and cheek colors, color-match and swatch-test foundation, and lock in the exact look so the day itself is effortless. There is no downtime, and the mineral finish is built to stay comfortable through a very long day. Honest limits: makeup is cosmetic — it enhances and evens the appearance of the skin and does not treat any skin condition, and post-treatment timing always defers to your provider. Group and travel bookings for bridal parties are available; individual results vary, and your provider confirms product choices and timing at booking.","Made for brides, bridal parties, and anyone who wants the fullest, longest-wearing, most camera-ready look for a milestone day. The skin-first mineral finish suits those who want full glam that still wears comfortably for hours. If your occasion calls for something softer or quicker, the Soft Glam / Event application or Everyday Makeup are the lighter tiers.","Consult on the look, coordinating colors and finish | Careful skin prep and priming for all-day wear | Build a long-wearing base with color correction and detailed concealing | Create a fully built and blended eye with lashes | Sculpt contour and highlight and define precise brows | Finish with a lasting lip and set the full look","","SW FL bridal makeup ~$150–$300/face (regional wedding vendors, WeddingWire Punta Gorda/Fort Myers). HoR $175 sits at the lower-mid of the bridal range.","","","","","Everyday Makeup | Soft Glam / Event Makeup","Q: Do you do wedding and bridal makeup?
A: Yes — bridal and bridal-party makeup is one of our core offerings. You can book individual times in-studio, a private group experience, or on-location travel to your venue, all in skin-first Jane Iredale mineral makeup.

Q: Should I book a trial run before my wedding?
A: Strongly recommended. A separate trial lets us coordinate your colors, color-match and swatch-test foundation, and perfect the exact look ahead of time, so the day itself is effortless and there are no surprises.

Q: Will my makeup last all day and photograph well?
A: It is built to — the two-hour application allows a meticulous, set base and eye designed for endurance, and the mineral formula photographs cleanly with no harsh flashback. Individual results vary.

Q: Can you do my whole bridal party?
A: Yes — group bookings are available, in-studio or on location at your venue. Reach out with your date and party size so we can plan the timeline. Travel bookings have a small guest minimum.

Q: Do you offer airbrush?
A: We use a hand-applied mineral finish rather than airbrush — it photographs cleanly with no flashback, wears comfortably through a long day, and carries no airbrush upcharge.","","","","","","3","2026-07-14T01:36:11Z","2026-07-17T09:23:42Z","Ga2n8mXgkZEKTR8huSvjNY","production",""
"Service","0e5554bd-f58d-4dbe-be0a-972ad9a27a0e","Glo2Facial","glo2facial","live","standalone","Advanced Facials","advanced-facials","","","Amber Mingione","Esthetician | RN Assistant","skin-renewal","per-session","","From $195","","","","60 minutes","","","","","","","","","Oxygenating facial treatment for radiant, hydrated skin","The Glo2Facial by Geneo is a non-invasive, no-downtime signature facial that does three jobs in a single pass: it gently exfoliates, floods the surface with active infusions, and prompts the skin to oxygenate itself from within. Amber glides the Geneo handpiece across your skin with a single-use OxyPod capsule matched to your goals and its paired gel. As the capsule meets the gel it fizzes into a blanket of tiny carbon-dioxide bubbles — the soft, effervescent tingle you feel. That fizzing action lightly buffs away dull surface cells, the softened top layer lets the pod's actives absorb more easily, and the local rise in CO₂ signals your own blood to release more oxygen into the treated skin (the Bohr effect — nothing is injected or sprayed on). The visit finishes with a relaxing, lymphatic-style massage, so you leave plump, bright, and calm. Sensation is comfortable throughout: a mild warmth and tingle during the pass, then the massage. There is typically no downtime — no peeling, no forced redness — which is why it's the go-to glow before a wedding, reunion, or photoshoot, best seen one to three days out. Honest limit: this is a surface-level glow-and-hydration treatment, not collagen-induction. For deeper texture, scarring, or laxity, needling is the right tool — Glo2Facial complements it beautifully but doesn't replace it. The immediate glow is temporary; texture and tone build gradually over a series.","It's ideal for anyone wanting an immediate, luminous glow with zero recovery — the classic event facial before a wedding, reunion, or photoshoot — and for first-timers and sensitive skin easing into advanced care, since there's no aggressive suction and no required acids. Dull, dry, tired, or dehydrated skin responds especially well. If your real goal is structural change — acne-scar texture, deeper lines, or stretch marks — microchanneling or microneedling is the better tool, and your provider may recommend starting there or pairing the two. Final candidacy and pod selection are confirmed at consultation.","Cleanse and skin analysis — Amber reviews your goals, skin type, and any recent treatments, then selects the OxyPod and gel matched to your skin. | Oxfoliation pass — the handpiece with the single-use pod glides over the skin; you feel a light effervescent tingle and warmth as the CO₂ bubbles form. This is the three-in-one core: exfoliate, infuse, oxygenate. | Infusion and mask step — actives are worked in and a soothing or hydrating layer supports the glow. | Lymphatic-style facial massage — a relaxing massage de-puffs and calms for a luminous, even finish. | SPF and send-off — sunscreen is applied and Amber gives you take-home guidance.","Entry / gateway treatment. Series of 3 (Renewal) from $499; Series of 6 (Full Correction) from $885. Recalibrated 2026-07.","Ästhetik Spa & Skincare (new Fishermen's Village flagship, opening ~July 2026): ästhetik experience™ 60-Minute Signature Facial $160 — their top-tier custom facial. They're a facial/esthetician-only studio (no injectables, PRF, fillers, GLP-1, or IV hydration), so Geneo's oxygen-infusion + microcurrent protocol is a step above their menu, not a like-for-like swap. Also offer a 90-Minute Custom Facial and Hydrodermabrasion Facial (prices not published).","","","","Fine Lines & Laxity","","Q: How does the oxygenation actually work?
A: As the single-use pod reacts with its gel it releases a layer of CO₂ bubbles at the skin's surface. That local rise in CO₂ prompts your own blood to release more oxygen into the treated skin — the Bohr effect. Nothing is injected; it's your skin oxygenating itself.

Q: Is there any downtime?
A: Typically none. There's no peeling or forced redness, so most clients return to their day right away and can wear makeup. That's exactly why it's a favorite before events.

Q: Does it hurt?
A: No. Most clients feel a light effervescent tingle and gentle warmth during the pass, followed by a relaxing facial massage. Comfort is a hallmark of the treatment.

Q: How is it different from a regular facial or hydrodermabrasion?
A: A basic hydrating facial cleanses and exfoliates; the Glo2Facial adds the CO₂ oxygenation step and active-pod infusion for extra brightness. Hydrodermabrasion (in our basic-facial lane with Brandy) is a lovely everyday option, while the Glo2Facial is the advanced glow and our gateway into corrective care.

Q: How often should I get one?
A: It's wonderful as a one-off or a monthly glow. For visible texture and tone change, many clients do a series of three to six sessions about four to six weeks apart, then move to maintenance. Your provider tailors the plan to your skin.

Q: Can it be added onto microneedling or microchanneling?
A: Yes — the Glo2Facial Finish layers the oxygenating, infusing, calming step onto a needling session, so you leave glowing and soothed rather than only flushed. It's one of our signature combinations.","https://cdn.sanity.io/images/4e7axyi7/production/fa5c8717921d3a6bc8ad672d7656763c46990a33-1500x1500.png","Advanced facial treatment room with hydrodermabrasion equipment at House of Rose","","Glo2Facial in Punta Gorda, FL","Explore the Geneo Glo2Facial at House of Rose in Punta Gorda, including oxygenation, exfoliation, infusion, candidacy, and pricing from $195.","4","2026-06-10T09:48:53Z","2026-07-20T17:32:50Z","TKR6NCHvVC2NQN4yJgqLNK","production",""
"Service","service-glo2-prf","Glo2Facial + PRF","glo2facial-prf","live","standalone","Advanced Facials","advanced-facials","","","Amber Mingione","Esthetician | RN Assistant","","per-session","","$595","","","","1 hour 30 minutes","","","","","","","","","A Glo2Facial finished with your own topical PRF.","Our Glo2Facial layered with your own topical PRF — platelet-rich fibrin drawn from a small blood sample and applied to the skin's surface during the treatment (topical only, never injected; injectable PRF is a separate RN service in Diana's lane). The visit opens with the Glo2Facial for oxygenation, exfoliation, and nutrient infusion, then Amber performs microchanneling and applies your PRF over the freshly channeled skin. PRF is an autologous concentrate rich in your body's own growth factors, which release gradually as the fibrin breaks down over the following days — supporting texture, tone, and a rested, refreshed look using nothing but your own biology, with no synthetic serum. It's a favorite for clients who want the most natural possible boost and don't mind the extra step of a quick blood draw. Expect mild redness for a day or two after channeling; the PRF adds no meaningful downtime. Note the FDA's position that microneedling devices are not authorized to deliver blood products into the skin — which is exactly why our PRF is applied topically over the channels, not injected. Best as a periodic treatment or short series; candidacy is confirmed by your provider, and individual outcomes vary.","Ideal for clients who want a natural, own-biology boost layered into their facial and are comfortable with a small blood draw. If needles aren't for you, a Glo2Facial with a ProCell growth-factor serum offers a similar delivery step without the draw.","Consultation, skin prep, and a small blood draw | PRF is prepared from your sample while the Glo2Facial runs | Glo2Facial: oxygenation, exfoliation, and ultrasound infusion | ProCell microchanneling | Your topical PRF is applied over the freshly channeled skin | Soothing mask, SPF, and aftercare guidance","","Geneo Glo2Facial + topical PRF combo — no local like-for-like. Component reference: regional PRF-microneedling $350–$500; Ästhetik (PG) signature facial $160.","","","","","","Q: Is the PRF injected?
A: No. Amber's PRF is applied topically over the microchanneled skin — never injected. Injectable PRF is a separate service performed by Diana, RN.

Q: Why is there a blood draw?
A: PRF is made from a small sample of your own blood, spun down to concentrate your platelets and growth factors. It's your own biology, so there's no synthetic serum involved.

Q: How much downtime is there?
A: Mild redness for a day or two after the microchanneling phase. The topical PRF itself adds no meaningful downtime.

Q: What makes this different from the serum combos?
A: Instead of a manufactured growth-factor serum, this uses your own PRF — a natural, autologous concentrate. Many clients choose it for the most natural possible boost.","","","","","","12","2026-07-14T04:19:24Z","2026-07-17T09:23:42Z","Ga2n8mXgkZEKTR8huSvjNY","production",""
"Service","service-glo2-procell-md","Glo2Facial + ProCell MD","glo2facial-procell-md","live","standalone","Advanced Facials","advanced-facials","","","Amber Mingione","Esthetician | RN Assistant","","per-session","","$475","","","","1 hour 30 minutes","","","","","","","","","A Glo2Facial layered with MD-tier microchanneling.","This is our Glo2Facial layered with ProCell MD microchanneling — a two-phase session that treats your skin's surface and its deeper support structure in one visit. It opens with the Glo2Facial: a patented OxyPod that prompts your skin's own oxygenation response from within (the Bohr effect), gentle exfoliation, ultrasound infusion of active nutrients, and a lymphatic massage, so skin is clean, prepped, and luminous. Amber then performs ProCell microchanneling with the MD growth-factor serum — the higher-concentration formula (roughly twice the growth factors of the Pro tier), chosen for age-related collagen loss and more visible correction. The controlled micro-channels help the serum's growth factors, cytokines, and hyaluronic acid settle into freshly resurfaced skin, supporting texture, firmness, and an even, rested look over the following weeks. Expect mild redness like a light sunburn for a day or two after the channeling phase; many clients are camera-ready within 24–48 hours. It's designed as a periodic reset — often a short series, then maintenance — rather than a one-time fix, and final candidacy and serum tier are confirmed by your provider. Individual outcomes vary with skin, consistency, and aftercare.","Ideal for clients 40+ or anyone wanting more than a facial can do on its own — visible texture, fine lines, and firmness support in a single, layered visit. If you're new to microchanneling, sensitive, or want minimal downtime, the Pro-tier combo or a Glo2Facial alone may suit you better; your provider will help you choose.","Consultation and skin prep | Glo2Facial: oxygenation, exfoliation, and ultrasound infusion | ProCell microchanneling with the MD growth-factor serum | Soothing mask and barrier support | SPF and personalized aftercare guidance","","Geneo Glo2Facial + ProCell MD device combo — no local like-for-like (no PG med spa runs a Geneo+ProCell combo). Component reference: regional ProCell $300–$375; Ästhetik (PG) signature facial $160 (facial-only).","","","","","","Q: What's the difference between the MD and Pro serums?
A: MD carries roughly twice the growth factors of the Pro tier and is chosen for age-related collagen loss and more visible correction; Pro is the maintenance and prevention choice. Your provider recommends the right one for your skin.

Q: How much downtime is there?
A: Expect mild redness like a light sunburn for a day or two after the microchanneling phase. Many clients are back to normal within 24–48 hours.

Q: How often should I do it?
A: It's designed as a periodic reset — often a short series spaced a few weeks apart, then maintenance. Your provider will map a cadence to your goals.

Q: Does the microchanneling hurt?
A: Most clients describe it as very tolerable — a light prickling sensation. Comfort steps are used throughout, and the fixed-protocol ProCell device is designed for a predictable, comfortable experience.","","","","","","10","2026-07-14T04:19:24Z","2026-07-23T01:00:12Z","thy8xfDWtsX68YzGxL4GvQ","production",""
"Service","service-glo2-procell-pro","Glo2Facial + ProCell Pro","glo2facial-procell-pro","live","standalone","Advanced Facials","advanced-facials","","","Amber Mingione","Esthetician | RN Assistant","","per-session","","$525","","","","1 hour 30 minutes","","","","","","","","","A Glo2Facial with maintenance-tier microchanneling.","This session pairs the Glo2Facial with ProCell microchanneling using the Pro growth-factor serum — the professional-tier formula geared toward maintenance, prevention, and overall skin quality. It begins with the Glo2Facial: OxyPod-driven oxygenation from within (the Bohr effect), gentle exfoliation, ultrasound nutrient infusion, and a relaxing lymphatic massage that leaves skin clean and luminous. Amber then performs ProCell microchanneling, creating controlled micro-channels that help the Pro serum's growth factors, cytokines, and hyaluronic acid settle into freshly prepped skin — supporting a smoother, more refined, well-rested look. The Pro tier is the comfortable, predictable-recovery choice for under-40 skin, first-timers, and anyone focused on keeping their skin in great condition rather than correcting age-related change (that's where the MD tier steps in). Expect light redness for a day or so after the channeling phase, with most clients back to normal within a day. It works best as a regular rhythm — a short series, then maintenance — and your provider confirms the right serum tier and cadence for you at consultation. Individual outcomes vary with skin type, consistency, and aftercare.","Best for under-40 skin, first-time microchanneling clients, or anyone whose goal is glow and maintenance rather than age-related correction. If you're 40+ or want more visible collagen support, the MD-tier combo may be the better pairing — your provider will guide the choice.","Consultation and skin prep | Glo2Facial: oxygenation, exfoliation, and ultrasound infusion | ProCell microchanneling with the Pro growth-factor serum | Soothing mask and barrier support | SPF and personalized aftercare guidance","","Geneo Glo2Facial + ProCell Pro device combo — no local like-for-like. Component reference: regional ProCell $300–$375; Ästhetik (PG) signature facial $160 (facial-only).","","","","","","Q: Should I choose Pro or MD?
A: Pro is the maintenance and prevention tier — great for under-40 skin and first-timers. MD carries roughly twice the growth factors and is chosen for age-related correction. Your provider recommends the right fit.

Q: How much downtime is there?
A: Light redness for a day or so after the microchanneling phase; most clients are back to normal within a day.

Q: How often should I do it?
A: Best as a regular rhythm — a short series a few weeks apart, then maintenance visits to keep results building.

Q: Is it uncomfortable?
A: Most clients find it very tolerable. The fixed-protocol ProCell device and comfort steps make for a predictable, gentle experience.","","","","","","11","2026-07-14T04:19:24Z","2026-07-23T01:00:12Z","thy8xfDWtsX68YzGxL4GvQ","production",""
"Service","service-glowtox-facial","GlowTox Facial","glowtox-facial","parked","standalone","Advanced Facials","advanced-facials","","","Amber Mingione","Esthetician | RN Assistant","","per-session","","$475","","","","1 hour","","","","","","","","","Advanced resurfacing facial — protocol under review.","An advanced resurfacing facial designed for a smooth, refined, luminous finish. This service is being finalized — its full protocol, positioning, and pricing are under review with our RN and medical director before it is offered on the website.","","","HELD — pending Diana, RN + medical-director review of the workflow and copy (the older description treated Daxxify as topical, which needs clinical sign-off). Do NOT publish/market until approved. Kept as a draft (status: proposed).","Microchanneling with topical neurotoxin ('GlowTox'/micro-tox) — an injector-priced specialty concept; no local comp published, varies widely by clinic. (Clinical hold at HoR pending RN/medical-director sign-off.)","","","","Enlarged-Looking Pores | Texture","","","","","","","","13","2026-07-14T04:19:24Z","2026-07-20T17:32:50Z","TKR6NCHvVC2NQN4yJgqLNK","production",""
"Service","6e204a23-77a2-48a9-8381-878974cb92e4","GLP-1 Weight Management","glp-1-weight-management","live","treatment","Wellness & Restoration","wellness-restoration","Wellness","wellness","Diana","Registered Nurse (RN)","","","","From $225/month","","","","Ongoing program","","","","","","","","","Medically supervised weight care — semaglutide & tirzepatide","GLP-1 Weight Management is a medically supervised, physician-guided program led by Diana, RN. It includes candidacy screening, provider-selected medication and dosing when appropriate, and regular check-ins to review tolerance and progress. These medications can affect appetite and fullness, but individual response varies and medication does not replace nutrition, hydration, movement, or ongoing medical guidance. Common side effects can include nausea, vomiting, diarrhea, and constipation. Diana reviews risks, exclusions, and when to contact the clinical team before a client begins.","This program may fit adults seeking a medically supervised path to weight management who meet the provider's clinical criteria; in the FDA-approved context the labeling references adults with a BMI of 30 or higher, or 27 or higher with a weight-related condition such as high blood pressure, high cholesterol, or type 2 diabetes. Those are label reference points, not a guarantee of eligibility, and Diana makes the final candidacy call through screening and health history. It is not for everyone. People with a personal or family history of medullary thyroid cancer or MEN 2, anyone pregnant, planning pregnancy, or breastfeeding, and those with certain histories such as pancreatitis are screened out or referred. Anyone wanting an effortless overnight fix should know this is an ongoing program that supports your effort rather than replacing it.","Consultation and screening: health history, goals, medication review, and candidacy assessment with Diana under physician oversight; contraindications are screened here and labs ordered only when clinically indicated. | Program start and titration: the medication is started at a low dose and increased gradually, staying at a dose for as long as needed so the body adjusts and side effects settle. | Weekly self-injection: a small subcutaneous injection with a fine, short needle that Diana trains you to do at home, including technique and site rotation. | Monthly check-in: a roughly 15-minute visit to review tolerance, side effects, and progress and to decide whether to hold or advance the dose. | Lifestyle support: guidance on adequate protein, hydration, and resistance activity to protect lean muscle, with smaller, lower-fat meals early on to ease nausea. | Ongoing plan: the provider sets what maintenance, continuation, or tapering looks like over time.","","SW FL GLP-1: Solace Wellness Aesthetics (Fort Myers) semaglutide from $300/mo, tirzepatide from $350/mo (incl. oversight + monitoring; labs/consult extra); FMPW (Fort Myers) from ~$65/wk; FL compounded from $199/mo (sema) / $299/mo (tirz). Klinic (Punta Gorda) offers semaglutide. Live-verified 2026-07.","","","","","","Q: What results should I expect?
A: Individual response varies. Your provider discusses realistic goals, monitors progress, and adjusts the plan based on candidacy, tolerance, and clinical judgment.

Q: Are these the same as Ozempic, Wegovy, Mounjaro, or Zepbound?
A: Some programs use medications with the same active ingredients found in those branded prescriptions. Your provider explains the exact medication, source, indication, and dosing considered for your plan.

Q: What is the difference between semaglutide and tirzepatide?
A: They act on different appetite-related pathways. Your provider determines whether either option is appropriate after reviewing your health history, goals, contraindications, and current guidance.

Q: What are the common side effects?
A: Common effects can include nausea, vomiting, diarrhea, or constipation. Your provider explains dose timing, monitoring, and when to contact the clinical team.

Q: Why is provider oversight important?
A: Screening, medication review, dose decisions, side-effect monitoring, and accessible follow-up all require clinical judgment. Online convenience does not replace an appropriate provider relationship.

Q: What happens if I stop?
A: Appetite effects may change after stopping and weight regain is possible. Continuation, maintenance, or tapering should be discussed with your provider rather than decided without clinical guidance.","https://cdn.sanity.io/images/4e7axyi7/production/cdcf97bcf3b4525722c7f86f9f2b83c547bcd6f2-1376x768.jpg","","","GLP-1 Weight Loss Program in Punta Gorda, FL | House of Rose","Medically supervised semaglutide and tirzepatide weight-management programs in Punta Gorda from $225/month — monthly dosing with RN and provider oversight.","2","2026-04-28T07:02:31Z","2026-07-20T18:14:56Z","TKR6NCHvVC2NQN4yJgqLNK","production",""
"Service","e82404a8-a778-4359-9a6d-71377ab903d3","Injectables & Bio-Fillers","injectables-bio-fillers","live","hub","Injectables & Bio-Fillers","injectables-bio-fillers","","","Diana","Registered Nurse (RN)","","","","","","","","","","","","","","","","","From neurotoxins to 100% natural volume","Injectables and Bio-Fillers is Diana's lane: the menu of injectable treatments she performs as our registered nurse, under medical-director oversight. Three families of treatment live here, and they solve genuinely different problems, which is why choosing between them is a consultation conversation rather than a menu pick. First, neurotoxins (Botox and Daxxify) relax the small muscles behind dynamic expression lines, the frown, forehead, and crow's-feet lines that appear when you move; they soften motion but add no volume. Second, dermal fillers are smooth hyaluronic-acid gels (the Juvederm and RHA families) that add volume to restore lost fullness in cheeks and lips and soften static folds; they fill but do not relax muscles. Third, the regenerative options are made from your own blood: injectable PRF (platelet-rich fibrin) puts your body's own growth factors to work beneath the skin for under-eye rejuvenation and collagen support, and PRF EZ Gel is a heat-processed autologous bio-filler that adds subtle, natural-derived volume while the growth factors keep working. A useful shorthand: neurotoxins relax, fillers restore, and PRF regenerates. These are frequently paired rather than swapped; a common plan is a neurotoxin for upper-face movement lines alongside filler where volume has been lost. An important boundary: all injectable PRF here is Diana's RN-led lane, distinct from Amber's topical PRF, which is applied over microchanneling and never injected. Candidacy, product, and dosing are always confirmed by Diana at consultation. Individual outcomes vary, and not every client is a candidate.","This hub is for anyone weighing an injectable but unsure which tool fits: if a line only shows up when you move, neurotoxin is the likely first move; if it is visible at rest or your face looks deflated, the conversation shifts toward filler; and if you prefer a natural-derived, regenerative approach or you are focused on the under-eye, PRF or EZ Gel may fit. Many clients combine treatments across a single plan. Injectables are not offered during pregnancy or breastfeeding, and each treatment has its own contraindications. The right starting point is a consultation with Diana, RN, who confirms candidacy, product, and dosing under medical-director oversight.","Name the concern: decide whether your bother is muscle-driven movement, lost volume, or skin quality and under-eye rejuvenation, since each points to a different tool. | Consultation with Diana: she reviews your history, medications, anatomy, and goals, and confirms candidacy under medical-director oversight. | Match the tool: neurotoxin to relax dynamic lines, HA filler to restore volume, or PRF/EZ Gel to regenerate with your own biology, alone or combined. | Plan and sequence: Diana maps a plan, including how treatments are paired or spaced across visits, and how they sequence with Amber's skin-quality facials. | Treat: the selected injectable is performed at your appointment, with comfort measures and personalized aftercare. | Follow up and maintain: results are reviewed and refined, with maintenance cadence set to the treatment you chose.","","Local injectors (Sweet Spot, FIBB, Florida Skin Center): Botox ~$14/unit (FL avg $10–$20); HA filler $650–$800/syringe (Houck Dermatology). PRF under-eye $349–$800 (tresJ $349; Thrive/ÉLAN ~$775). EZ-Gel biofiller ~$1,000–$1,700 (Afrooz/Luxe). Live-verified 2026-07.","","","","","","Q: What is the difference between Botox, filler, and PRF?
A: They solve different problems. Neurotoxins (Botox, Daxxify) relax the muscles behind dynamic expression lines. Dermal fillers (Juvederm, RHA) are hyaluronic-acid gels that add volume to restore fullness and soften static folds. PRF and EZ Gel are made from your own blood and regenerate skin quality while adding only subtle volume. In short: tox relaxes, filler restores, PRF regenerates. Diana determines the right mix at consultation.

Q: Can I combine treatments in one visit?
A: Often, yes. Neurotoxin and filler are frequently paired, since one relaxes movement lines and the other restores volume, and PRF or EZ Gel can complement either. Diana plans the right combination and sequence for your goals, deciding what to do together and what to space across visits. Skin-quality facials with Amber are sequenced separately so each treatment does its job.

Q: How do I know which treatment I need?
A: A simple test helps: if the line only shows up when you make an expression, neurotoxin is the likely first move; if it is visible when your face is completely still or your face looks deflated, filler enters the conversation; and if you want a natural-derived approach or you are focused on the under-eye, PRF or EZ Gel may fit. The right first step is a consultation with Diana, who matches the tool to the concern.

Q: Who performs injectables at House of Rose?
A: All injectables here, neurotoxins, dermal fillers, PRF injections, and EZ Gel bio-filler, are performed by Diana, a registered nurse, under medical-director oversight, at our Punta Gorda studio. This is distinct from Amber's lane: Amber's PRF is topical only, applied over microchanneling and never injected. Keeping that boundary clear matters, since injectable and topical PRF are different services.

Q: Is PRF the same as filler?
A: No. HA filler is a synthetic hyaluronic-acid gel that adds more, and more predictable, volume and is reversible with hyaluronidase. PRF and EZ Gel are made from your own blood; they regenerate skin quality and add only subtle volume, and EZ Gel is never positioned as an equivalent to HA filler for meaningful volume. For thin under-eye skin many prefer PRF; for real volume correction, HA often wins. Diana helps you choose, and sometimes combines both.

Q: Is everyone a candidate?
A: No. Not every client is a candidate, and each injectable has its own contraindications. Injectables are not offered during pregnancy or breastfeeding, and factors such as certain neuromuscular or bleeding disorders, active infection at the site, or specific allergies may defer or rule out a given treatment. Final candidacy, product, and dosing are always confirmed by Diana, RN, at consultation. Individual outcomes vary.","https://cdn.sanity.io/images/4e7axyi7/production/83ad6160434b79d53cdbd113cbcf1a5393eb760c-2400x1350.webp","Injectables treatment chair in the House of Rose aesthetics suite in Punta Gorda, FL","https://cdn.sanity.io/images/4e7axyi7/production/83ad6160434b79d53cdbd113cbcf1a5393eb760c-2400x1350.webp — Injectables treatment chair in the House of Rose aesthetics suite in Punta Gorda, FL","Injectables in Punta Gorda, FL — Botox, Fillers, Bio-Filler | House of Rose","Injectables in Punta Gorda — Botox, Dysport, Daxxify, dermal fillers, and natural PRF/EZ Gel alternatives. Private consultations, conservative dosing.","0","2026-06-10T10:59:23Z","2026-07-21T07:42:25Z","1SVZLY2UsU9mTWUuq3IF6f","production",""
"Service","99566c9c-8033-4df6-b5a3-ac5de5d2d886","IV Hydration Therapy","iv-hydration-therapy","live","treatment","Wellness & Restoration","wellness-restoration","Wellness","wellness","Diana","Registered Nurse (RN)","","","","From $100","","","","45–60 minutes","","","","","","","","","Restoration from within — drips, NAD+, and vitamin therapy","IV Hydration Therapy is an infusion of fluids, electrolytes, and vitamins delivered directly into a vein by Diana, RN, under medical-director oversight, in our private Punta Gorda studio. Because the drip bypasses digestion, it helps replenish fluid and nutrients quickly and completely: when you drink water or take a vitamin by mouth, it has to survive your stomach and be absorbed through your gut, a variable and incomplete process. An IV skips all of that, so the fluid and nutrients are available to your body right away and at close to the full delivered dose. The menu runs from a simple Hydration IV (a fast fluid-and-electrolyte reset, about 30 minutes) up through the classic Myers' Cocktail, with targeted blends for immune support, post-activity recovery, a from-within beauty glow, and morning-after rebound. Add-ons like vitamin C, B12, biotin, magnesium, glutathione, and NAD+ layer onto any base. What actually happens: Diana screens you first, places a small catheter (a quick pinch), then the drip runs about 30 to 45 minutes while you relax. Some blends feel warm or flushed as they run, and NAD+ is paced slowly for comfort. There is essentially no downtime, and many clients notice they feel refreshed within the session or later that day. Honestly, infusions support wellness rather than treat any condition, and when a glass of water and a good meal would do it, that is the right call.","IV therapy is well suited to adults who feel depleted after heat, a day on the water, travel, or intense activity, and to skin-health clients pursuing a from-within complement to their facial plan through the Beauty Glow IV and glutathione. It also suits people who tolerate oral supplements poorly or occasionally want the bypass-the-gut route. It is not for everyone: Diana screens every client, and people with kidney disease, heart disease, uncontrolled high blood pressure, or who are pregnant are generally not candidates, along with certain allergies, interactions, or a G6PD deficiency. Anyone seeking IV therapy to treat a diagnosed illness should see their physician, because this is a wellness service, not medical care. If your everyday needs are already met by good hydration and diet, oral is honestly enough.","Intake and screening: Diana, RN reviews your health history, medications, allergies, and goals and confirms candidacy (vitals as indicated) under medical-director oversight. | Blend selection: together you choose the base IV for your goal and any add-ons. | Placement: Diana places a small IV catheter, usually in the arm or hand, with a brief pinch on insertion. | Infusion: the drip runs about 30 minutes for a Hydration IV and roughly 45 minutes for the vitamin blends while you relax and Diana monitors you. | Finish: the catheter is removed, a small bandage applied, and most clients return to normal activity immediately.","","SW FL IV drips: HydraMed (Naples) hydration/electrolyte $104, Myers' Cocktail $179, boosters ~$25 each; The Wellness Lab from $155/drip; Skin Spot Laser Club (Cape Coral) also serves Punta Gorda. Mostly mobile/in-office. Live-verified 2026-07.","","","","","","Q: Does the IV hurt?
A: Just a brief pinch when the catheter is placed, then nothing stays sticking out. Some blends, such as magnesium, high-dose vitamin C, glutathione, and NAD+, can feel warm or flushed as they run, and Diana paces the infusion, NAD+ in particular, for your comfort.

Q: Is there any downtime?
A: None to speak of. Most clients return to normal activity right away. A small bruise or mild soreness at the IV site is possible, and hydrating normally afterward is all the aftercare it needs.

Q: Is an IV better than just taking vitamins by mouth?
A: For speed and completeness, an IV bypasses the gut and delivers fluid and nutrients right away at close to the full dose. But for everyday needs, a healthy person with normal digestion is usually covered by drinking water and eating well. An IV is for when you want a faster, more complete reset under an RN's care, not a daily necessity.

Q: How often should I get an IV?
A: There is no fixed medical schedule. Many clients use IVs situationally around travel, events, heavy activity, or seasonal stretches, while others fold them into a routine wellness rhythm. Cadence is a wellness choice you make with Diana, never a prescription.

Q: What is the difference between the blends?
A: The Hydration IV is a fast fluid-and-electrolyte reset; Immunity supports antioxidant needs; Recovery is aimed at post-activity strain; Beauty Glow pairs hydration with skin-supporting nutrients; Reboot is for morning-after rehydration; and the Myers' Cocktail is the comprehensive vitamin-and-mineral classic. Diana helps you match a blend to your goal.

Q: Who administers the IV, and is it safe?
A: Diana, a registered nurse, administers every infusion under medical-director oversight, not an unlicensed technician. In a clinical setting with an RN, IV therapy is generally well tolerated, and safety depends on proper screening, which is exactly why every client is screened first. Infusions support wellness and do not treat, cure, or prevent disease.","https://cdn.sanity.io/images/4e7axyi7/production/3304743e415e1ecdd504c87adfab22c488c331d2-1086x1448.webp","IV Hydration Therapy suite at House of Rose Aesthetics, Punta Gorda, FL","https://cdn.sanity.io/images/4e7axyi7/production/3304743e415e1ecdd504c87adfab22c488c331d2-1086x1448.webp — IV Hydration Therapy suite at House of Rose Aesthetics, Punta Gorda, FL","IV Hydration Therapy in Punta Gorda, FL | House of Rose","IV hydration in Punta Gorda — Myers' cocktail, beauty drips, NAD+, and vitamin shots from $125 in a private luxury lounge.","1","2026-04-28T07:02:31Z","2026-07-23T00:56:02Z","8EFCm5ajVnFIj2ZfymEmSP","production",""
"Service","service-lash-lift","Lash Lift","lash-lift","live","standalone","Lash Services","lash-services","","","Aundrea Pedigo","Permanent jewelry + beauty enhancements","","per-session","","$65","","","","40 minutes","","","","","","","","","Lifted, wide-eyed, weeks of wear.","A Lash Lift is a semi-permanent treatment that curls and lifts your natural lashes from the base, opening up the eyes and creating the look of longer, fuller lashes — think of it as a perm for your lashes. Over about 40 minutes, Aundrea lifts your own lashes into a flattering upward curl that lasts for weeks, with no extensions, glue-on strips, or daily curler required. Your lashes are cleansed and combed onto a silicone shield sized to the curl you want, then a gentle lifting solution is applied to reshape them, followed by a setting step to lock the new curl and a nourishing conditioner to finish. You relax with your eyes closed throughout; it is comfortable and calm. The result is immediate — lashes look visibly lifted, longer, and more open-eyed — and there is no real downtime, though you keep lashes dry and makeup-free for the first 24 hours while the curl sets. A lift typically lasts several weeks, following your natural lash growth cycle, so many clients rebook every six to eight weeks. Honest limits: a lift reshapes the lashes you already have — it curls and lifts but does not add color or new length, and results depend on your natural lash length and thickness. If you want darker definition too, the Lash Lift + Tint pairs both. A patch test may be recommended; your provider confirms suitability, and individual outcomes vary.","Great for anyone who wants a lifted, wide-awake, low-maintenance lash look without extensions — especially if your lashes are straight or point downward and hide their length. It is ideal for active lifestyles, vacations, and mornings you want to skip the curler. If your lashes are already dark and you only want more curl, the lift alone is perfect; if you also want darker definition, choose the Lash Lift + Tint.","Cleanse the lashes and remove any eye makeup | Place a silicone shield sized to your ideal curl | Comb lashes onto the shield into the lifted shape | Apply the lifting solution to gently reshape the lashes | Set the curl and finish with a nourishing conditioner","","Regional lash lift ~$65–$100. Local: Ästhetik (PG) and Amy Lash & Brows offer lash lifts (prices by consult). HoR $65 is at the value end.","","","","","","Q: How long does a lash lift last?
A: Usually several weeks, following your natural lash growth cycle — many clients rebook every six to eight weeks as new lashes come in. Individual results vary with your lash type.

Q: Is it different from lash extensions?
A: Yes — a lift works with your own lashes, curling and lifting them, with no extensions or glue and no fills to maintain. It is lower-maintenance and looks natural, though it enhances the length you already have rather than adding new length.

Q: What is the aftercare?
A: Keep lashes dry and makeup-free for the first 24 hours while the curl sets — no steam, swimming, or rubbing. After that, avoid oil-based products near the lashes and treat them gently. Your provider will give you the full guidance.

Q: Does it damage my natural lashes?
A: When performed by a trained provider with proper timing and aftercare, a lash lift is designed to be gentle on your natural lashes. A patch test may be recommended, and your provider confirms suitability first.

Q: Can I wear mascara with a lash lift?
A: Yes, after the first 24 hours — though many clients find the lift gives enough of an open-eyed look that they wear little to none. Use a water-based mascara and remove it gently.","","","","","","2","2026-07-14T01:36:11Z","2026-07-17T09:23:42Z","Ga2n8mXgkZEKTR8huSvjNY","production",""
"Service","service-lash-lift-tint","Lash Lift + Tint","lash-lift-tint","live","standalone","Lash Services","lash-services","","","Aundrea Pedigo","Permanent jewelry + beauty enhancements","","per-session","","$85","","","","1 hour","","","","","","","","","Lift and tint — wake-up-ready eyes.","The Lash Lift + Tint combines our two most-loved lash treatments into one hour — the curl and lift of a lash lift with the depth and definition of a tint, for lashes that look longer, fuller, darker, and wide-awake all at once. It is the complete no-mascara look: your natural lashes are reshaped into a flattering upward curl and colored so even pale tips read defined, opening the eyes dramatically without a single extension. Aundrea cleanses and combs your lashes onto a silicone shield sized to your ideal curl, applies the gentle lifting solution to reshape them, sets the new curl, then follows with a professional tint to deepen the color before a nourishing conditioner finishes the treatment. You relax with your eyes closed throughout; the process is comfortable and calm, and the result is visible immediately — lifted, darker, more open-eyed lashes with no daily effort. Keep lashes dry and makeup-free for the first 24 hours while the lift sets. The combined result typically lasts several weeks; the tint usually fades a little sooner than the curl, so some clients refresh the tint between full appointments. Honest limits: this enhances the lashes you already have — curling, lifting, and darkening them — rather than adding new length or extensions, and results depend on your natural lash length and thickness. A patch test may be recommended, especially for sensitive eyes; your provider confirms suitability, and individual outcomes vary.","The best pick for anyone who wants the full open-eyed, mascara-free effect — lift and color together — especially with light or fine lashes that are also straight or downward-pointing. It is ideal before vacations, events, or a low-maintenance reset. If you only want curl, the Lash Lift alone is perfect; if you only want darker definition, choose the Lash Tint on its own.","Cleanse the lashes and remove any eye makeup | Place a silicone shield sized to your ideal curl | Apply the lifting solution to reshape the lashes upward | Set the new curl into place | Apply professional tint to deepen the lash color | Finish with a nourishing conditioner","","Regional lash lift + tint ~$85–$130. Local: Ästhetik and Amy Lash & Brows (PG) offer lift/tint (by consult). HoR $85 is at the value end.","","","","","","Q: Why combine a lift and a tint?
A: Together they do more than either alone — the lift opens and curls the eyes while the tint darkens and defines even pale lash tips, for a full mascara-free look. It is the most complete lash treatment on our menu.

Q: How long does it last?
A: The combined result typically lasts several weeks, following your natural lash cycle. The tint often fades a little sooner than the curl, so some clients refresh the tint between full appointments. Individual results vary.

Q: What is the aftercare?
A: Keep lashes dry and makeup-free for the first 24 hours while the lift sets — no steam, swimming, or rubbing — then avoid oil-based products near the lashes. Your provider will give you full aftercare guidance.

Q: Will it work on light or fine lashes?
A: Yes — light or fine lashes often see the biggest change, since the lift adds visible curl and the tint brings out length and definition that pale lashes usually lack. Results depend on your natural lashes.

Q: Is a patch test needed?
A: Because a tint is involved, a patch test may be recommended — especially for sensitive eyes or first-timers. Let your provider know of any sensitivities so suitability can be confirmed.","","","","","","3","2026-07-14T01:36:11Z","2026-07-17T09:23:42Z","Ga2n8mXgkZEKTR8huSvjNY","production",""
"Service","service-lash-tint","Lash Tint","lash-tint","live","standalone","Lash Services","lash-services","","","Aundrea Pedigo","Permanent jewelry + beauty enhancements","","per-session","","$25","","","","20 minutes","","","","","","","","","Darker, defined lashes — no mascara.","A Lash Tint is a quick 20-minute treatment that adds semi-permanent color to your natural lashes, deepening and defining them so your eyes look more awake without a swipe of mascara. It is the low-effort, wake-up-ready option: a professional dye is applied to the lashes, darkening pale, fine, or light-tipped lashes so they read fuller and more defined — especially transformative for blond, red, or gray lashes and lash tips that usually disappear. Aundrea starts by cleansing the lashes and carefully protecting the skin around the eyes with under-eye shields, then applies the tint with your eyes closed and lets it develop before gently removing it. You keep your eyes closed and relaxed throughout — it is comfortable and the color is visible immediately. There is no downtime; you walk out with darker, more defined lashes right away. A tint typically lasts a few weeks as your lashes naturally cycle and shed, so many clients refresh it roughly monthly. Honest limits: a tint changes lash color only — it does not add curl, length, or lift, so lashes look darker but keep their natural shape. If you want lift and curl as well, the Lash Lift or the combined Lash Lift + Tint is the better choice. A patch test may be recommended, especially for sensitive eyes or first-timers; your provider confirms suitability, and individual results vary.","Perfect for anyone with light, fine, or fair-tipped lashes who wants a defined, mascara-free look — blond, red, or gray lashes see the biggest difference. It is ideal for low-maintenance mornings, vacations, and workouts. If your lashes are already dark but you want more curl or lift, a Lash Lift will do more for you; for both color and curl, choose the Lash Lift + Tint.","Cleanse the lashes and remove any eye makeup | Protect the skin with under-eye shields | Apply professional lash tint with eyes closed | Let the color develop for the appropriate time | Gently remove the tint and reveal darker, defined lashes","","Regional lash tint ~$20–$35. Local: Ästhetik and Amy Lash & Brows (Punta Gorda) offer lash/brow tints (prices by consult). HoR $25 is on-market.","","","","","","Q: How long does a lash tint last?
A: Typically a few weeks, fading gradually as your lashes naturally cycle and shed. Many clients refresh it roughly once a month to keep the definition. Individual results vary.

Q: Does it add length or curl?
A: No — a tint only darkens and defines your natural lashes; it does not add curl or length. For lift and curl, choose a Lash Lift, or combine both with the Lash Lift + Tint.

Q: Is it safe around my eyes, and will it hurt?
A: It is comfortable — your eyes stay closed and the skin is protected with shields throughout. For sensitive eyes or first-timers a patch test may be recommended ahead of time; let your provider know of any sensitivities so suitability can be confirmed.

Q: Can I wear mascara afterward?
A: Yes, though many clients find they no longer need it day to day. Right after the tint it is best to keep the lashes clean and dry for a short window — your provider will give you simple aftercare guidance.","","","","","","1","2026-07-14T01:36:11Z","2026-07-17T09:23:42Z","Ga2n8mXgkZEKTR8huSvjNY","production",""
"Service","service-lunch-time-glow","Lunch Time Glow","lunch-time-glow","parked","standalone","Facials","facials","","","Brandy","Esthetician (classic facials)","","per-session","","$100","","","","30 minutes","","","","","","","","","A 30-minute refresh, no downtime.","The Lunch Time Glow is Brandy's 30-minute express facial — a comfortable clean-and-hydrate treatment built to fit into a real day and send you back out looking refreshed. It is the fast, no-downtime way to clear the look of dullness and give skin an immediate lift of radiance. Brandy starts with a quick skin read and cleanse, then uses gentle resurfacing and hydration to lift away dull surface buildup while infusing nourishing serums, so skin looks clearer and feels plumped in one short pass. A soothing finish and SPF close the session. It feels light and relaxing — most clients describe a cool, clean, hydrated sensation rather than anything intense — and there is no recovery to plan around: you can wear makeup and return to work right away, with any faint pinkness settling within hours. The glow is immediate and best in the days that follow, which makes this a favorite for a mid-week reset or a quick pre-event freshen-up. Honest limits: this is a surface-level maintenance glow for the appearance of dull, tired skin — not a corrective treatment for deeper texture, scarring, or significant sun damage, and its radiance is cumulative and best kept up with regular sessions rather than a one-and-done fix. Not every client is a candidate; final suitability and product choices are confirmed by your provider, and individual outcomes vary.","Perfect for anyone short on time who still wants a visible glow — a lunch break, a busy schedule, or a quick refresh a few days before an event. Its gentle, hydrating approach also suits sensitive or dry skin that does not tolerate aggressive scrubs. If you want extractions, massage, and a deeper clean with more time, Brandy's longer Signature or Skin Reset Facials are the better fit.","Quick skin read and gentle cleanse | Surface resurfacing to lift dull, dead skin | Hydrating serum infusion for an immediate plumped look | Soothing finish to calm and comfort the skin | Broad-spectrum SPF to close","","Local facial market: Ästhetik (PG) signature facial $160; Spago and Skin Sanctuary facials ~$90–$200. Express/lunch facials sit at the low end locally.","","","","","","Q: Is there any downtime?
A: None — that is the point. You can return to work and wear makeup right away; any mild pinkness usually settles within a few hours.

Q: How is it different from a full facial?
A: The Lunch Time Glow streamlines cleanse, gentle resurfacing, and hydration into a focused 30 minutes for an immediate refresh. A full facial adds extractions, massage, masking, and a deeper clean with more time to relax — see Brandy's Signature or Skin Reset Facials.

Q: Is it good before an event?
A: Yes — it is a popular quick pre-event glow. Booking it a few days before your occasion tends to give the freshest look. Individual results vary.

Q: How often can I get it?
A: Because it is gentle and surface-level, many clients enjoy it as a regular maintenance glow every few weeks. Your provider will recommend a rhythm for your skin.

Q: Is it okay for sensitive skin?
A: It is designed to be gentle and hydrating rather than abrasive, which makes it a comfortable option for sensitive or dry skin. Your provider confirms suitability first — not every client is a candidate.","","","","","","2","2026-07-14T01:36:11Z","2026-07-20T17:32:50Z","TKR6NCHvVC2NQN4yJgqLNK","production",""
"Service","service-luxe-rose-facial","Luxe Rose Facial","luxe-rose-facial","parked","standalone","Facials","facials","","","Aundrea Pedigo","Permanent jewelry + beauty enhancements","","per-session","","$120","","","","1 hour","","","","","","","","","An hour of nourishing, luminous care.","The Luxe Rose Facial is our full hour — the complete, unhurried version of the Signature ritual with the time built in to actually relax. Aundrea opens with a double cleanse and a proper skin analysis, then customizes each step to what your skin needs that day. The session layers a gentle exfoliation (enzyme or a light acid, chosen for your skin), warm steam to soften the surface, and thorough but comfortable extractions to clear the look of congestion. From there it becomes a genuine experience: a treatment mask matched to your skin, a facial and pressure-point massage across the face, neck, and décolleté, and a finishing sequence of serum, moisturizer, and SPF. The extra time is the whole point — more massage, more mask contact, more care — so you leave with skin that looks clearer, smoother, and radiant, and a nervous system that has actually downshifted. There is no meaningful downtime; skin may be briefly flushed after extractions and settles quickly. Honest limits: this is a relaxing, results-forward maintenance facial for the appearance of healthy, glowing skin — not a corrective treatment for deep texture, scarring, or significant sun damage, which call for advanced-lane options. Individual outcomes vary, and your provider confirms what is right for your skin.","A great fit for clients who want the full, relaxing facial experience — real massage, masking, and time to unwind — alongside a visible glow. It suits most skin types on a regular maintenance rhythm. If you only have a short window, the 30-minute Signature Rose covers the essentials; if you want the most elevated ritual with the longest massage and layered steps, look at the 90-minute Royal Rose Facial.","Double cleanse and full skin analysis to customize the session | Gentle exfoliation (enzyme or light acid) chosen for your skin | Warm steam and thorough, comfortable extractions | Treatment mask matched to your skin type and goals | Facial, neck, and décolleté massage | Serum, moisturizer, and broad-spectrum SPF to finish","","Local facial market: Ästhetik (PG) 60-min signature facial $160; Spago and Skin Sanctuary facials ~$90–$200. HoR $120 sits below the Ästhetik signature.","","","","","","Q: How is the Luxe Rose different from the Signature Rose?
A: The Signature Rose is a 30-minute express glow; the Luxe Rose is the full hour, adding a treatment mask, a longer face-neck-décolleté massage, and more time for extractions and relaxation. Same lineage, more depth and unwinding.

Q: Is there any downtime?
A: No meaningful downtime. You may look briefly flushed after extractions, which typically eases within a couple of hours, and you can return to your day right after.

Q: Will it help with congestion and dullness?
A: It is designed to support the appearance of clearer, brighter, smoother skin through cleansing, gentle exfoliation, and extractions. Many clients notice an immediate freshness; deeper or lasting change builds with a regular rhythm. Individual results vary.

Q: How often should I get one?
A: About once a month follows the skin's natural renewal cycle and keeps results consistent. Your provider will tailor the cadence to your skin and goals.

Q: Can I wear makeup afterward?
A: Yes — once the skin settles and SPF is on, makeup is generally fine the same day. Many clients book the Luxe Rose a day or two before an occasion for a fresh base.","","","","","","3","2026-07-14T01:36:11Z","2026-07-20T17:32:50Z","TKR6NCHvVC2NQN4yJgqLNK","production",""
"Service","service-luxury-facial","Luxury Facial","luxury-facial","parked","standalone","Facials","facials","","","Brandy","Esthetician (classic facials)","","per-session","","$200","","","","1 hour 15 minutes","","","","","","","","","The full 75-minute ritual.","The Luxury Facial is the top of Brandy's menu — 75 minutes of the most complete, indulgent facial experience she offers, where every step is unhurried and the emphasis is on total relaxation alongside glowing skin. It brings together the best of the menu with room to breathe: a double cleanse and thorough skin analysis, a customized exfoliation, warm steam and unhurried extractions, and then a layered treatment phase of dual or targeted masking, an extended massage across the face, neck, décolleté, and often the scalp and hands, and lymphatic and pressure-point techniques. Premium serums and a rich hydrating finish are layered thoughtfully before SPF closes the session. It is designed to leave skin looking clear, plump, and luminous while giving the whole nervous system time to genuinely downshift — the facial clients book to be fully looked after. There is no meaningful downtime; any post-extraction flush settles into a healthy glow. Honest limits: as elevated as it is, the Luxury Facial remains a relaxing, glow-forward maintenance treatment for the appearance of healthy, radiant skin — not a corrective or medical treatment for deep scarring, established pigment, or laxity, which call for advanced-lane options. Not every client is a candidate for every step; your provider confirms the right combination for your skin, and individual outcomes vary.","For clients who want the most complete, indulgent facial — the longest massage, layered masking, and full time to unwind — or who are treating themselves or prepping for a special occasion. It suits most skin types. If you want the essentials in less time or at a gentler investment, the Signature Facial covers the fundamentals; if your priority is contouring massage specifically, consider the Sculpt & Lift Facial.","Double cleanse and thorough skin analysis | Customized exfoliation with warm steam | Unhurried, comfortable extractions | Dual or targeted masking for different zones | Extended face, neck, décolleté, scalp, and hand massage with lymphatic and pressure-point work | Premium serums, rich hydration, and broad-spectrum SPF to finish","","Local facial market tops out ~$160–$200 (Ästhetik signature $160; Spago/Skin Sanctuary premium facials). HoR $200 is the top of the local facial range.","","","","","","Q: What makes the Luxury Facial different from the Signature Facial?
A: Time and depth. The Luxury Facial is the fullest experience — layered masking, an extended massage that can include the scalp and hands, lymphatic and pressure-point work, and premium products, all unhurried. The Signature Facial covers the same fundamentals in a shorter, more essential session.

Q: Is there any downtime?
A: No meaningful downtime. Any flush from extractions settles into a healthy glow, and you can return to your day afterward.

Q: Is it a good treat before a special occasion?
A: Absolutely — it is a favorite for milestones, self-care resets, and pre-event prep. Booking it a few days ahead lets skin settle to its freshest, most luminous look. Individual results vary.

Q: How often should I have it?
A: Some clients reserve the Luxury Facial as a monthly indulgence or for special occasions, with shorter facials in between. Your provider will help you plan a rhythm that fits your skin and lifestyle.","","","","","","9","2026-07-14T01:36:11Z","2026-07-20T17:32:50Z","TKR6NCHvVC2NQN4yJgqLNK","production",""
"Service","f5308b9c-73df-4812-8c0d-afcf4ee5839a","Microchanneling & Microneedling","microchanneling-microneedling","proposed","hub","Microchanneling & Microneedling","microchanneling-microneedling","","","Amber Mingione","Esthetician | RN Assistant","skin-renewal","consult","","","","","","","","","","","","","","","A consultation-led way to choose a skin-renewal approach for face or selected body areas.","Microchanneling and microneedling both use very fine needles to create thousands of tiny, controlled channels in the skin, prompting its natural repair-and-collagen response over the following weeks. At House of Rose, they are two different tools for two different jobs, not gentle-versus-strong tiers of one thing. ProCell Microchanneling is a branded, fixed-protocol stamping treatment run at controlled settings and paired with ProCell's professional growth-factor serum; it is the go-to for overall skin quality, meaning the appearance of texture, fine lines, enlarged-looking pores, dullness, and glow, and it is the comfortable, predictable-recovery choice for sensitive skin and first-timers. Corrective microneedling is the broader, adjustable-depth category (pen or stamp), where the provider dials needle depth and pattern to a specific correction, such as the appearance of deeper or rolling acne scars, defined scar texture, and stretch-mark texture on the body. Both are performed on the face and approved body areas by Amber, a licensed esthetician, and both can take an optional topical PRF boost made from your own blood, applied on the surface only, never injected. Injectable PRF is a separate procedure in Diana's (RN) lane. Which tool fits your concern, area, skin history, and downtime tolerance is decided at consultation. Results develop gradually over weeks to months, are typically planned as a series, and individual outcomes vary; not every client is a candidate.","This family suits adults who want to improve the appearance of texture, fine lines, dullness, enlarged-looking pores, selected scars, or stretch-mark texture, and who are comfortable with a short recovery and a planned series rather than a single-visit fix. If your goal is overall skin quality and glow, ProCell Microchanneling is usually the starting point; if you have a specific scar or stretch-mark correction in mind, corrective microneedling's adjustable depth is often the better tool. If you want an immediate glow with no downtime, a Glo2Facial may suit you first. Active infection, cold sores, recent isotretinoin, a keloid history, blood thinners, pregnancy, and certain conditions mean the provider may postpone or adjust; not every client is a candidate.","Skin analysis and candidacy review: the provider examines your skin, reviews concerns, medications, and contraindications, and confirms which tool fits the job. | Choose the tool: ProCell Microchanneling (fixed protocol, growth-factor serum) for overall quality and glow, or corrective microneedling (adjustable depth) for a specific correction. | Decide the serum layer: the ProCell professional serum comes standard; topical PRF (your own blood, applied topically) is discussed as an optional add-on. | Confirm the plan: area, setting or depth, any add-ons, and whether this is a single visit or a series of 3 to 6. | The session runs with a new single-use cartridge, then a soothing serum or mask and optional LED or Glo2Facial finish. | Written aftercare is provided, and a maintenance cadence is set based on how your skin responds.","Consultation required; investment and protocol details are discussed after candidacy is reviewed.","Local needling: Skin Sanctuary (PG) microneedling $195 / nano $185; C's (Port Charlotte) $175; ÉLAN $375 single / $1,050 per 3. Regional ProCell microchanneling $300–$375 single / $1,050–$1,225 per 4. No PG med spa markets ProCell or topical-PRF needling specifically.","","","","","ProCell Microchanneling | Topical PRF with Microchanneling or Microneedling | Platelet-Rich Fibrin (PRF)","Q: What's the difference between microchanneling and microneedling here?
A: They're two tools for two jobs. ProCell Microchanneling is a branded, fixed-protocol stamping treatment with a growth-factor serum, best for overall skin quality and glow. Corrective microneedling is the adjustable-depth category the provider dials to a specific correction like the appearance of deeper acne scars or stretch marks. Neither is simply stronger than the other; the provider chooses based on your concern and skin.

Q: Which one should I choose?
A: That's exactly what the consultation and skin analysis decide. As a rule of thumb, if the goal is smoother, more luminous, more even-looking skin overall, microchanneling is the usual choice; if the goal is a targeted correction of a specific scar or stretch-mark texture, corrective microneedling's adjustable depth is often the better fit. The provider makes the final call based on your concern, area, skin history, and downtime tolerance.

Q: Does it hurt, and what's the downtime?
A: Most clients describe a light stamping or a vibrating, scratchy sensation, with deeper corrective settings feeling more intense; topical numbing may be used per provider policy. Redness and a warm, sunburn-like feeling are common afterward, with mild flaking or tightness possible. Recovery varies with the tool, setting, and your skin, so we give written aftercare rather than promising a fixed timeline; mild effects generally settle within a few days to about a week.

Q: How many sessions will I need?
A: Most goals are planned as a series, often three to six visits about four to six weeks apart, then individualized maintenance. Body areas are thicker-skinned and usually run a longer series. Your provider recommends the plan after reviewing your concern and how your skin recovers, and individual results vary.

Q: Can these treatments remove wrinkles, scars, or pores?
A: No treatment should promise removal. Microchanneling and microneedling are designed to improve the appearance of texture, fine lines, and selected scars or stretch marks over time; pore size isn't permanently changed, and some concerns are better matched to a different approach. Outcomes develop gradually and vary by person.

Q: Is the PRF injected through the channels?
A: No. At House of Rose, PRF used with needling is topical only, applied on the surface during the protocol, never injected. The FDA states microneedling devices are not authorized to deliver blood products into the skin. Injectable PRF is a separate procedure performed by Diana, our RN.","","","","Microchanneling & Microneedling in Punta Gorda","Learn how House of Rose helps clients in Punta Gorda compare microchanneling and microneedling for personalized skin-renewal planning.","110","2026-06-10T10:59:23Z","2026-07-17T09:23:30Z","Ga2n8mXgkZEKTR8huSvg1A","production",""
"Service","302fe86d-4b15-4caa-93e5-b21d70da595e","Microneedling — Body","microneedling-body","proposed","standalone","Microchanneling & Microneedling","microchanneling-microneedling","","","Amber Mingione","Esthetician | RN Assistant","skin-renewal","per-area","","From $325 per zone","","","","60–90 minutes","","","","","","","","","Depth-adjustable body needling for the appearance of stretch marks and scar texture.","Microneedling for the body is adjustable-depth collagen-induction therapy applied to areas below the face, priced per zone, where the provider dials needle depth and pattern to reach the concern. It's the depth-targeted regenerative choice for the appearance of mature stretch marks and defined scar texture, along with crepey texture on the neck, decollete, hands, back, and other body zones. In plain English, a pen or stamp creates thousands of tiny, controlled channels, and your body responds to those micro-injuries by building new collagen that fills in and softens the appearance of stretch-mark bands and textural scarring over the following weeks. Body skin is thicker than facial skin, so the provider generally uses deeper, slower passes and a longer series is realistic; a Series of 6 is a common plan from the outset. Amber, an advanced esthetician, performs it, often with an optional topical PRF boost prepared from your own blood and applied on the surface only, never injected. Sessions run about 60 to 90 minutes, and you can expect redness, mild swelling, tightness, and light flaking, with deeper body work sometimes running longer than facial recovery; we frame normal recovery as resolving within about three to ten days and give written aftercare. This is corrective, not curative: it's designed to soften the appearance of mature stretch marks and scar texture rather than remove them, response varies with the age, color, and location of the marks, newer marks may be spaced differently, and individual outcomes vary; not every client is a candidate.","Microneedling for the body suits adults who want to improve the appearance of mature stretch marks, defined or textural scarring, or crepey texture on zones like the abdomen, hips, thighs, neck, decollete, hands, and back, and who are comfortable with a longer planned series for thicker skin. It's the depth-targeted tool when a specific body correction is the goal. Newer stretch marks (roughly under six months) may be spaced or approached differently, and for overall body-skin quality and glow rather than a targeted correction, ProCell Microchanneling for the body may suit you better. A keloid history, recent isotretinoin, blood thinners, active infection, pregnancy, and certain conditions need provider review; not every client is a candidate, and individual outcomes vary.","Consultation and skin analysis: Amber reviews the target zones, skin history, medications, and contraindications, then selects the tool, depth, and pattern per zone. | Confirm scope: which zones are treated, whether to add a topical PRF boost, and whether the plan is a single visit or a longer series. | Prep: cleanse the treatment zones; a single-use sterile cartridge is opened for your session. | If PRF is added: a small blood sample is drawn on-site and spun in a centrifuge, then applied topically during the needling. | Needling: the provider works zone by zone with deeper, slower passes suited to thicker body skin, with pinpoint bleeding expected in deeper areas. | Soothe and finish: a calming serum or mask, optional LED, and written aftercare with a series cadence, typically spaced about four weeks apart.","Per zone. Series of 3 from $875; Series of 6 from $1,560. Add Topical PRF (autologous, topical only) +$200. Recalibrated 2026-07.","Local bare microneedling: Skin Sanctuary (Punta Gorda) $195, C's (Port Charlotte) $175; ÉLAN $375 single / $1,050 per 3. Body priced per zone (thicker skin → longer series); no local body-microneedling price published.","","","","","","Q: Can body microneedling remove my stretch marks?
A: No treatment should promise removal. Body microneedling is designed to soften the appearance of mature stretch marks and scar texture over time by supporting new collagen. Response varies with the age, color, and location of the marks, and newer marks may respond and be scheduled differently. Individual outcomes vary.

Q: Why is body work usually a longer series?
A: Body skin is thicker than facial skin, so the provider generally uses deeper, slower passes, and the concerns treated here, like mature stretch marks and defined scarring, remodel gradually. A Series of 6 spaced about four weeks apart is a realistic plan from the outset, then individualized maintenance. The provider sets the actual plan at consultation.

Q: Which zones can be treated, and how is it priced?
A: Body microneedling is priced per zone and can address areas like the abdomen, hips, thighs, neck, decollete, hands, and back for the appearance of stretch marks, scar texture, and crepey skin. Which zones and how many are confirmed at consultation, and final pricing is confirmed after your skin analysis.

Q: Does it hurt, and what's the downtime?
A: Most people feel a vibrating, scratchy, sandpaper-like sensation, more intense on deeper settings and bony areas; topical numbing may be used per policy. Afterward, expect redness, mild swelling, tightness, and light flaking. Deeper body work can run longer than facial recovery; we frame normal recovery as resolving within about three to ten days and give written aftercare rather than a fixed promise.

Q: Should I choose body microneedling or ProCell Microchanneling for the body?
A: For a depth-targeted correction of the appearance of stretch marks or defined scar texture, adjustable-depth body microneedling is usually the better tool. For overall body-skin quality and glow, such as crepey-looking skin on the neck, decollete, or hands, ProCell Microchanneling for the body is the skin-quality choice. The provider decides the modality per zone at consultation.

Q: Is the PRF injected, and who performs it?
A: The topical PRF upgrade is prepared from your own blood and applied on the surface during the needling; it is topical only, never injected. The FDA states microneedling devices are not authorized to deliver blood products into the skin. Amber, our advanced esthetician, performs the needling and topical PRF; injectable PRF is a separate procedure handled by our RN.","https://cdn.sanity.io/images/4e7axyi7/production/431cccef1a61320c8888881aa22d9b0aa2bb2dfe-1717x916.png","SkinPen Precision clinical microneedling device","","","","63","2026-07-10T20:17:01Z","2026-07-17T09:23:30Z","Ga2n8mXgkZEKTR8huSvg1A","production",""
"Service","17e135ae-a153-46ac-89e1-34fa9899cbda","Microneedling — Corrective","microneedling-corrective","proposed","standalone","Microchanneling & Microneedling","microchanneling-microneedling","","","Amber Mingione","Esthetician | RN Assistant","skin-renewal","per-session","","From $295","","","","60–75 minutes","","","","","","","","","Adjustable-depth needling, dialed to the concern — for the appearance of deeper or rolling acne scars and defined texture.","Corrective microneedling is adjustable-depth collagen-induction therapy: a pen or stamp device moves many very fine needles rapidly in and out of the skin, creating thousands of tiny, controlled channels, and the provider dials the needle depth and pattern to a specific correction. That adjustability is the whole point of corrective, and it's what sets this apart from ProCell Microchanneling's fixed protocol. It's the right tool when the job is targeted: the appearance of deeper or rolling atrophic acne scars, defined or textural scarring, and stretch-mark texture on the body. In plain English, your body reads the controlled micro-injuries as something to repair and responds by building new collagen, the structural protein that firms and smooths, which fills in and softens the appearance of scars and crepey texture over the following weeks. Because depth is adjustable, the provider goes shallow on delicate zones and deeper and slower where the concern sits lower in the skin, so expect some pinpoint bleeding in deeper areas. Amber, an advanced esthetician, performs it, often as a planned series, with an optional topical PRF boost prepared from your own blood and applied on the surface only, never injected. Face sessions run about 60 to 75 minutes; expect redness, mild swelling, tightness, and light flaking that authoritative sources describe as commonly lasting a few days, with deeper work running longer. This is corrective, not curative: it softens the appearance of concerns over time rather than removing them, results develop over weeks to months, and individual outcomes vary; not every client is a candidate.","Corrective microneedling suits adults who want to improve the appearance of deeper or rolling atrophic acne scars, defined or textural facial scarring, crepey texture, or fine lines, and who are comfortable with a short recovery and a planned series. It's the right tool when a specific correction is the job and the provider needs to dial depth to it, rather than running the fixed ProCell protocol for overall glow. It is not for active acne or active breakouts in the area, and a keloid history, recent isotretinoin, blood thinners, active infection or cold sores, pregnancy, and certain conditions need provider review. For active acne, our Face Reality program is the right path. Not every client is a candidate, and individual outcomes vary.","Consultation and skin analysis: Amber reviews the concern, skin history, medications, and contraindications, then selects the tool, depth, and pattern. | Confirm the PRF decision: whether to add a topical PRF boost prepared from your own blood, applied on the surface during the protocol. | Prep: cleanse and, where appropriate, dermaplane prep to remove peach fuzz; a single-use sterile cartridge is opened for your session. | If PRF is added: a small blood sample is drawn on-site and spun in a centrifuge, then the platelet-rich fibrin is applied topically during the needling. | Needling: the provider works zone by zone at the depth dialed to each area, shallow on delicate zones and deeper and slower on scars, with pinpoint bleeding expected in deeper areas. | Soothe and finish: a calming serum or mask, optional LED or a Glo2Facial finish, and written aftercare.","Series of 3 (Renewal) from $795; Series of 6 (Full Correction) from $1,415. Add Topical PRF (autologous, topical only) +$175. Recalibrated 2026-07.","Local bare microneedling: Skin Sanctuary (Punta Gorda) $195, C's Medi Spa (Port Charlotte) $175; ÉLAN microneedling $375 single / $1,050 per 3. Corrective (adjustable-depth, ± topical PRF) sits above commodity needling and below PRF-microneedling ($350–$500).","","","","","","Q: How is corrective microneedling different from ProCell microchanneling?
A: They're two tools for two jobs. ProCell Microchanneling is a branded, fixed-protocol stamping system for overall skin quality and glow. Corrective microneedling is the adjustable-depth category the provider dials to a specific correction, like the appearance of deeper acne scars or stretch marks. Neither is simply stronger; the provider chooses based on your concern, area, and skin history.

Q: Does it hurt, and how much downtime is there?
A: Most people feel a vibrating, scratchy, sandpaper-like sensation; deeper settings and bony areas feel more intense, and topical numbing may be used per policy. Afterward, redness, mild swelling, tightness, and light flaking are common. Authoritative sources describe redness and exfoliative scaling lasting about two to three days, with deeper corrective and body work running longer; we frame normal recovery as resolving within about three to ten days and give written aftercare rather than a fixed promise.

Q: Can it remove my acne scars?
A: No treatment should promise removal. Corrective microneedling is designed to improve the appearance of selected scars over time by supporting new collagen, but deep ice-pick, tethered, or hypertrophic and keloid-prone scars may need a clinician's assessment or a different approach. Outcomes develop gradually and vary by person.

Q: Does it treat active acne?
A: No. Microneedling is not for active acne, and active breakouts in the treatment area mean we postpone. For active acne, our Face Reality acne program is the right path. Corrective microneedling comes into play for the appearance of scarring once the skin is clear and calm.

Q: What is the topical PRF upgrade, and is it injected?
A: PRF (platelet-rich fibrin) is prepared from a small sample of your own blood, drawn on-site, and applied on the surface during the needling as an autologous boost; it adds a draw, prep time, and screening. It is topical only, never injected. The FDA states microneedling devices are not authorized to deliver blood products into the skin. Injectable PRF is a separate procedure performed by our RN.

Q: How many sessions will I need, and when will I see results?
A: Most corrective goals are a series, often three to six sessions about four to six weeks apart, then individualized maintenance; acne-scar and body work can run longer. Early changes often show in about two to six weeks, and new collagen keeps remodeling for weeks to months. Individual results vary.","https://cdn.sanity.io/images/4e7axyi7/production/431cccef1a61320c8888881aa22d9b0aa2bb2dfe-1717x916.png","SkinPen Precision clinical microneedling device","","","","40","2026-07-10T20:17:01Z","2026-07-17T09:23:30Z","Ga2n8mXgkZEKTR8huSvg1A","production",""
"Service","service-mommy-and-me-facial","Mommy & Me Facial","mommy-and-me-facial","parked","standalone","Facials","facials","","","Brandy","Esthetician (classic facials)","","per-session","","$150","","","","1 hour","","","","","","","","","A calming facial to share.","The Mommy & Me Facial is a shared, hour-long experience — a gentle facial designed to be enjoyed side by side, whether that is a parent and a teen, two friends, or anyone who wants to relax together. It is built around connection as much as skin care: two people, one calm hour, with Brandy tailoring each treatment to the individual skin in front of her. Each guest receives a gentle cleanse, a soft exfoliation suited to their skin, light and comfortable care, a soothing mask, and a hydrating finish with SPF — the same relaxing rhythm, personalized to two different skins at once. The approach stays deliberately gentle and low-key, which makes it a lovely first facial for a younger guest or teen and a shared treat for a parent. It feels warm and unhurried, and there is no meaningful downtime for either guest — you both walk out with skin looking fresh and clean. Honest limits: this is a gentle, relaxing maintenance facial focused on a shared experience and healthy-looking skin, not a corrective or medical treatment, and it is not designed for aggressive extractions or intensive resurfacing. For teen skin in particular, Brandy keeps everything mild and age-appropriate. Not every client is a candidate for every step; your provider confirms suitability for each guest, and individual outcomes vary. This is a shared booking for two guests.","Made for two people who want to relax together — a parent and child, a teen's first facial, friends, or family bonding time. Its gentle, personalized approach suits a wide range of skin, including younger or sensitive skin. If you are after intensive extractions, deep resurfacing, or a solo indulgence, one of Brandy's individual facials will serve that goal better.","Warm welcome and a skin read for each guest | Gentle cleanse tailored to each person's skin | Soft, comfortable exfoliation suited to each guest | Soothing mask for both, side by side | Hydrating finish and broad-spectrum SPF for each guest","","Local facial market: Ästhetik (PG) signature facial $160; Spago and Skin Sanctuary facials ~$90–$200. Duo/experience facials are uncommon locally — limited direct comp.","","","","","","Q: Is this facial appropriate for a teenager or a first-timer?
A: Yes — it is a lovely gentle first facial. Brandy keeps everything mild and age-appropriate and personalizes each guest's treatment, so a younger or nervous first-timer feels comfortable throughout.

Q: Do both people get the same treatment?
A: The rhythm is shared, but each guest's steps — exfoliation, mask, and finish — are tailored to their own skin. You relax together while receiving care matched to each of you.

Q: Is there any downtime?
A: No meaningful downtime for either guest. The treatment stays gentle, so you both leave with fresh, clean-looking skin and can carry on with your day.

Q: Is there an age minimum for the younger guest?
A: We keep teen and younger-skin treatments gentle and age-appropriate, and a parent or guardian is part of the booking. Reach out with your guest's age and any skin concerns and your provider will confirm suitability.","https://cdn.sanity.io/images/4e7axyi7/production/85a80f1b4dfccf09e931a46b65335cb7e5cd715a-1086x1448.webp","Child enjoying a gentle Mommy & Me facial at House of Rose Aesthetics","https://cdn.sanity.io/images/4e7axyi7/production/5212f89bb5d3c2a86a8566f033c9822037c7dac4-1086x1448.webp — Kids spa kit with lip balm and mirror for the Mommy & Me Facial at House of Rose Aesthetics | https://cdn.sanity.io/images/4e7axyi7/production/85a80f1b4dfccf09e931a46b65335cb7e5cd715a-1086x1448.webp — Child enjoying a gentle Mommy & Me facial at House of Rose Aesthetics","","","7","2026-07-14T01:36:11Z","2026-07-21T07:42:25Z","1SVZLY2UsU9mTWUuq3IF6f","production",""
"Service","a4bc2059-2510-445b-ae7c-db9f4c3251e7","Neck & Décolleté Extension","neck-decollete-extension","proposed","standalone","Enhancements & Add-ons","enhancements-add-ons","","","Amber Mingione","Esthetician | RN Assistant","skin-renewal","add-on","","+$95","","","","+20 minutes","","","","","","","","","Extend any face treatment onto the neck and chest.","The Neck & Décolleté Extension is an add-on, not a standalone facial — it carries the treatment you're already having (a Glo2Facial, a BioRePeel, or a microchanneling or microneedling session) down onto the neck and chest so the results don't stop at your jawline. It exists because the neck and décolleté are among the first areas to show the visible signs of aging and sun exposure — in SW Florida especially — yet they're often left out of facial treatments, which creates a mismatch between a refreshed face and untreated skin below it. When you add the extension, whatever your core treatment does for your face is continued over the neck and chest by the same provider in the same visit: with a Glo2Facial, the exfoliating, infusing, oxygenating pass and massage carry down; with a BioRePeel, the resurfacing peel is applied to the extended area; with needling, the microchanneling or microneedling is carried onto the neck and chest, and Amber's topical PRF — when part of your plan — is applied topically over those freshly needled areas, never injected. The sensation, downtime, and aftercare for the extended skin mirror your core treatment, so a no-downtime Glo2Facial extension stays no-downtime, while a peel or needling extension carries that treatment's light flaking or redness onto the neck and chest. Neck and chest skin is thinner and more delicate than the face, so the provider adjusts intensity for the area. Honest note: this is an add-on that extends an existing treatment — it is booked alongside a core service, not on its own.","This is for anyone already booking a Glo2Facial, BioRePeel, or microchanneling/microneedling session who wants the results to include the neck and chest rather than stopping at the jawline — especially clients noticing crepiness, uneven tone, or the visible signs of sun exposure on the décolleté. It's not a standalone facial and isn't booked on its own; it's chosen alongside a core treatment. Because neck and chest skin is thinner and more delicate, the provider adjusts the approach for the area and confirms it's appropriate alongside your chosen treatment at consultation.","Choose your core treatment — the extension is added to a Glo2Facial, BioRePeel, or microchanneling/microneedling session. | Consult on the area — the provider assesses the neck and décolleté and adjusts intensity for this thinner, more delicate skin. | Treat the face first — your core treatment is performed on the face as usual. | Extend onto the neck and chest — the same treatment is carried down; with needling, topical PRF (when part of your plan) is applied topically over the needled area, never injected. | Soothe and protect — the extended area is calmed and SPF is applied along with the rest of your skin. | Aftercare — the provider gives guidance that matches your core treatment, applied to the neck and chest as well.","Add-on to a face microchanneling / microneedling / PRF / Glo2Facial treatment. Not sold standalone.","Add-on extension (neck & décolleté) layered onto a face treatment — not sold standalone; no direct comp. Priced as a +$95 area extension.","","","","","","Q: Is this a standalone facial?
A: No — it's an add-on that extends a treatment you're already having. It's booked alongside a Glo2Facial, BioRePeel, or a microchanneling/microneedling session to carry the results onto the neck and chest, not on its own.

Q: Why treat the neck and décolleté separately?
A: The neck and chest are among the first areas to show the visible signs of aging and sun exposure, yet they're often left out of facial treatments. Extending your treatment down keeps your refreshed face and the skin below it consistent.

Q: Will the downtime be different for my neck and chest?
A: The extended skin follows your core treatment. A no-downtime Glo2Facial extension stays no-downtime, while a peel or needling extension carries that treatment's light flaking or redness onto the neck and chest. Neck skin is more delicate, so the provider adjusts intensity accordingly.

Q: Is the PRF injected into my neck?
A: No. When PRF is part of your needling plan, Amber applies it topically over the freshly needled skin — it is never injected. Injectable PRF is a separate treatment in our RN's lane.

Q: Which treatments can I add this to?
A: It pairs with a Glo2Facial for a glow that carries down, a BioRePeel to resurface the neck and chest, and microchanneling or microneedling to treat texture below the jawline. Your provider confirms it's appropriate alongside your chosen treatment.

Q: Does neck and chest skin need a gentler approach?
A: Yes — skin here is thinner and more delicate than the face, so the provider adjusts intensity for the area. Candidacy and approach are confirmed at consultation, and individual outcomes vary.","","Skin treatment room at House of Rose Aesthetics","https://cdn.sanity.io/images/4e7axyi7/production/a044f294176b8d8b21b02206e0c65060136782d7-1200x1200.webp — Skin treatment room at House of Rose Aesthetics","","","62","2026-07-10T17:37:33Z","2026-07-21T18:59:59Z","thy8xfDWtsX68YzGxF3rNA","production",""
"Service","50100023-c062-42a8-afc3-4a4beca2556b","Permanent Jewelry","permanent-jewelry","live","standalone","Permanent Jewelry","permanent-jewelry","","","Aundrea Pedigo","Permanent jewelry + beauty enhancements","","","","From $65","","","","15–30 minutes","","","","","","","","","Welded to fit, made to stay","Permanent jewelry is a clasp-free bracelet, anklet, necklace, or ring that Aundrea custom-fits to your body and micro-welds closed in seconds, so there is no clasp to catch, lose, or fumble. You choose a chain and a metal, she wraps it to your wrist, ankle, neck, or finger and marks your exact fit, then links the two ends with a tiny jump ring, slips a protective barrier between the chain and your skin, and uses a small handheld micro-welder to send one quick spark across the ring. The metal melts together and re-solidifies in under a second, closing the join seamlessly. You do not feel the weld on your skin, there is no needle, and the whole thing takes about fifteen to thirty minutes for a single piece. It is called permanent because there is no clasp, not because it can never come off: it can be snipped off anytime in seconds with small scissors, by you or by Aundrea, and nothing about removal harms your skin. That makes it an easy, low-commitment way to mark a friendship, a milestone, a girls' day, or a bridal party. Metal choices are sterling silver, 14k gold-filled, and 14k solid gold, each with its own look, durability, and care. The piece is ready to wear immediately, so you can shower, sleep, and swim in it. Because it is welded to one size, significant swelling or weight change may mean it needs re-welding to a new length later.","Permanent jewelry suits anyone who wants a low-maintenance, always-on piece they never have to clasp, from friends and sisters marking a bond to bridal parties, bachelorettes, mother-daughter days, and self-gifts for a milestone. It is a natural add-on to a wax or makeup visit. The welding process is declined for anyone with a pacemaker or similar implanted cardiac device, and it is usually best to wait during pregnancy since swelling can change the fit. If you have a known metal allergy, tell Aundrea so she can guide the metal choice, since not every metal suits every client. Final fit, metal, and suitability are confirmed by Aundrea at the appointment.","Choose your chain style and metal, sterling silver, 14k gold-filled, or 14k solid gold, plus any charm or connector. | Aundrea wraps the chain to your wrist, ankle, neck, or finger and marks your exact size, allowing for natural movement and comfort. | She trims the chain, adds the jump ring, positions the seam, slips a protective barrier between chain and skin, and hands you eye protection. | One quick spark from the micro-welder fuses the jump ring closed in under a second; you feel nothing on your skin. | She checks the join, adds any charms, and you leave wearing it, ready to shower, sleep, and swim.","Metal & piece options — Bracelets: stainless steel $60, sterling silver $75, 14k gold-filled $85. Anklets: stainless steel $65, sterling silver $85, 14k gold-filled $95. Necklaces, belly chains, and charms available on request.","No Charlotte County med spa offers permanent jewelry; SW FL boutique welds run ~$45–$95 base (chain priced by the inch) plus charms. HoR base $60–$65. Metal-tier pricing pending Aundrea.","","","","","","Q: Is it really permanent, or can it come off?
A: It is permanent only in that there is no clasp. It can be snipped off in seconds with small scissors anytime, by you or by us, and nothing about removal harms your skin. Many clients keep the piece and have it re-welded later.

Q: Does the welding hurt, and can I feel it?
A: No. A protective barrier sits between the chain and your skin, and the weld happens at the jump ring in under a second, so you do not feel it on your skin. There is no needle. You will wear eye protection for the brief flash of the spark.

Q: Which metal should I choose?
A: Sterling silver is the accessible entry point but likes a little care, gold-filled is the popular default because it looks like solid gold, resists tarnish, and is nickel-free, and 14k solid gold is the premium, wear-forever option. Aundrea will help you match the metal to your budget and skin sensitivity at your visit. Individual wear varies.

Q: Can I shower, swim, and sleep in it?
A: Yes. Gold-filled and solid gold handle water and everyday wear, and a fresh-water rinse after chlorine or salt water helps keep the shine, most noticeably on sterling silver. Wipe it gently with a soft cloth to remove oils and lotion, and avoid bleach and harsh cleaning chemicals.

Q: What about airport security, an MRI, or surgery?
A: Permanent jewelry is small and typically non-magnetic, so it generally does not set off airport detectors and you usually do not need to remove it. For an MRI or many surgeries, though, you must remove it beforehand, since metal and MRI magnets do not mix. Snip it off before your scan; it can be re-welded afterward.

Q: Can I host a group or party?
A: Yes. Bridal parties, bachelorettes, girls' days, and mother-daughter sessions are some of the most popular reasons to book. Everyone chooses their chain and leaves with a matching, lasting keepsake. Group events run longer than a single piece, scaled to headcount, and can be arranged with Aundrea.

Q: What are the metal and price options?
A: Bracelets come in stainless steel ($60), sterling silver ($75), and 14k gold-filled ($85); anklets in stainless steel ($65), sterling silver ($85), and 14k gold-filled ($95). Necklaces, belly chains, and charms are available too — Aundrea will walk you through the options at your appointment.","","Gold-framed mirror and console styling area at House of Rose","https://cdn.sanity.io/images/4e7axyi7/production/661e1f5d0f5a463ee04f1d1e5431def4e2bff8f6-1200x1200.webp — Gold-framed mirror and console styling area at House of Rose","Permanent Jewelry in Punta Gorda, FL | House of Rose","Custom-fit permanent jewelry in Punta Gorda — welded bracelets, anklets, necklaces, and rings from $45. Gold-filled and sterling. Walk-ins by appointment.","1","2026-04-29T05:37:28Z","2026-07-23T00:56:02Z","8EFCm5ajVnFIj2ZfymEmSP","production",""
"Service","c3ffc30e-e13c-436e-b0c0-6aaeaeed2d6b","Platelet-Rich Fibrin (PRF)","prf","live","hub","Skin Renewal","skin-renewal","","","","","skin-renewal","consult","","","","","","","","","","","","","","","A clear starting point for understanding topical and injectable PRF options.","Platelet-rich fibrin, or PRF, is prepared from a small sample of the client’s own blood for use in a provider-directed aesthetic protocol. House of Rose keeps two lanes distinct: Amber may apply PRF topically during an appropriate needling appointment, while Diana, RN evaluates injectable PRF options in a separate clinical consultation. A provider confirms candidacy, treatment area, and aftercare before either service.","Clients who want to understand whether topical PRF during a needling appointment or a separate injectable PRF consultation is relevant to their goals. Health history, treatment area, and provider assessment determine candidacy.","Start with a consultation to identify the appropriate PRF lane. | Review health history, candidacy, and the intended treatment area. | Proceed only with the provider-selected preparation and protocol. | Follow the individualized aftercare and follow-up guidance.","Consultation required; investment and protocol details are discussed after candidacy is reviewed.","No Punta Gorda / Charlotte County med spa positions PRF as a signature (several offer only older PRP). FL PRF under-eye $349–$800 (tresJ $349/$899-of-3; Thrive & ÉLAN Tampa ~$775; Afrooz $800); general PRP/PRF $600–$1,500/session. Nearest PRF-forward clinics 30–60 min away (Venice, Sarasota, Fort Myers). Live-verified 2026-07.","","","","","Topical PRF with Microchanneling or Microneedling","Q: What is PRF?
A: PRF stands for platelet-rich fibrin. It is prepared from a small sample of your own blood and used the same day as part of a provider-directed aesthetic protocol.

Q: What are the two PRF lanes at House of Rose?
A: Amber’s PRF role is topical only during an appropriate needling protocol. Diana, RN evaluates and performs injectable PRF options in a separate clinical lane.

Q: Is everyone a candidate for PRF?
A: No. Health history, medications, the intended area, and the selected protocol all matter. The appropriate provider confirms candidacy and may recommend a different option or timing.","","","","PRF Treatment Options in Punta Gorda","Understand topical and injectable PRF options, provider roles, candidacy, and next steps at House of Rose in Punta Gorda.","130","2026-06-10T10:59:23Z","2026-07-20T17:32:50Z","TKR6NCHvVC2NQN4yJgqLNK","production",""
"Service","e9842046-4d2c-448d-92fa-39cb4fff5b2d","PRF Body Treatments","prf-body-treatments","","treatment","Skin Renewal","skin-renewal","Platelet-Rich Fibrin (PRF)","prf","Amber Mingione","Esthetician | RN Assistant","","","","From $475 per zone","","","","90 minutes","","","","","","","","","Scars, stretch marks & crepey skin — regeneration beyond the face","PRF Body Treatments extend Amber's topical PRF beyond the face to approved body zones, layering your own growth factors onto a corrective microneedling protocol over the body. The mechanism is the same as the facial service: a small sample of your blood is drawn and spun gently with no anticoagulant, forming a natural fibrin scaffold that holds your platelets, white blood cells, and growth factors. That fluid PRF is applied to the skin surface during needling, then releases its growth factors gradually over the following days to support your skin's own collagen and repair response. It is topical only and never injected. Because body skin is thicker and more resilient than facial skin, the practical differences are larger treatment areas, more product, and a longer series. Body PRF is commonly chosen to support the appearance of the texture and color variation of mature stretch marks, defined texture, or crepey-looking skin. It is honest to set expectations here: this is an adjunct that supports the appearance of these concerns, not a treatment that removes stretch marks or scars. Comfort is supported by numbing, and you will feel the needling more than the PRF. Redness, tightness, and light tenderness in the area can occur, early changes often appear around two to six weeks, and collagen remodeling continues over weeks to months. Body goals are typically planned as a longer series, often a series of six, with the exact zone and cadence confirmed at your consultation.","This suits someone who wants to bring their own growth factors to a body concern, such as the appearance of mature stretch marks, defined texture, or crepey-looking skin on an approved zone, and who is comfortable with a small blood draw and a longer series. It is a natural fit for those who already value an autologous approach on the face and want a consistent method on the body. If your goal is meaningful volume or if the concern is on the face, a different option or lane may fit better. People on blood thinners, with bleeding or clotting disorders, a history of keloid scarring, active skin issues in the area, or who are pregnant or breastfeeding may need to postpone; the provider assesses each zone and candidacy separately.","Consultation and skin analysis to assess the specific body zone, confirm candidacy, and set honest expectations for that area. | A small blood draw is taken, similar to routine lab work. | The sample is spun at low speed with no anticoagulant, so a natural fibrin matrix forms. | The body zone is cleansed and prepped, with topical numbing as appropriate and a new single-use cartridge for the session. | Corrective microneedling is performed over the zone, dialed to the concern and the thicker skin of the body. | Your fluid PRF is applied to the skin surface during the protocol, and you leave with written aftercare and an individualized series plan.","Per zone, topical. Series of 3 from $1,285; 6 from $2,280. Recalibrated from $650 for the local market (2026-07).","FL PRP/PRF $600–$1,500/session by form and area (session 45–90 min incl. draw/processing). No local PRF-body specialist. Priced per zone. Live-verified 2026-07.","","","","Stretch Marks | Acne Scarring","","Q: Which body areas can be treated?
A: Body PRF is offered as a per-zone upgrade for approved areas, commonly to support the appearance of mature stretch marks, scars, or crepey-looking skin. The specific zone and your candidacy are assessed separately at your consultation, since suitability varies by area and skin.

Q: Is the PRF injected on the body?
A: No. Just like the facial service, body PRF is applied to the skin surface during a microneedling protocol; it is never injected. Injectable PRF is Diana's separate RN lane and is a different procedure with different goals.

Q: Will this remove my stretch marks or scars?
A: No. Topical PRF on the body is an adjunct that supports the appearance of the texture and color variation of mature stretch marks and defined texture; it does not remove them. Results are individual, build gradually, and vary from person to person.

Q: How many sessions will I need for a body zone?
A: Body skin is thicker and more resilient, so body goals are typically planned as a longer series, often a series of six, spaced several weeks apart, then individualized maintenance. Your provider sets the exact plan after assessing the zone.

Q: How much downtime should I expect on the body?
A: Typically minimal, though it varies with the zone, depth, and your skin. Redness, tightness, mild tenderness, or light peeling in the treated area can occur for a short time. You will receive written aftercare, including sun, heat, and exercise guidance, rather than a fixed recovery promise.

Q: When will I see changes on the body?
A: Many clients notice early changes around two to six weeks, with collagen remodeling continuing over weeks to months. Because body skin is thicker and body goals often involve mature texture, consistency across the full series matters, and individual outcomes vary.","https://cdn.sanity.io/images/4e7axyi7/production/fa2252ef25f12dffbeec2021141fbcb4d60e7cae-1200x1200.webp","PRF preparation tray with platelet-rich fibrin tubes at House of Rose","https://cdn.sanity.io/images/4e7axyi7/production/fa2252ef25f12dffbeec2021141fbcb4d60e7cae-1200x1200.webp — PRF preparation tray with platelet-rich fibrin tubes at House of Rose","PRF Body Treatments — Stretch Marks & Scars | Punta Gorda, FL","PRF microchanneling for stretch marks, scars, and crepey body skin in Punta Gorda — priced by treatment area from $650. Natural collagen remodeling, series of 3.","8","2026-06-10T10:26:11Z","2026-07-21T07:42:25Z","1SVZLY2UsU9mTWUuq3IF6f","production",""
"Service","adf66d59-5dcd-4f95-8282-681dafc97d89","PRF Injections","prf-injections","proposed","treatment","Injectables & Bio-Fillers","injectables-bio-fillers","Platelet-Rich Fibrin (PRF)","prf","Diana","Registered Nurse (RN)","injectables-bio-fillers","consult","","From $495","","","","","","","","","","","","","A Diana, RN consultation for client-derived injectable PRF planning.","PRF injections use a small sample of your own blood to put your body's own growth factors to work beneath the skin, softening under-eye hollows and the appearance of dark circles and rebuilding collagen for firmer, more even-toned facial skin over the months that follow. Platelet-rich fibrin is drawn like routine lab work and spun in a centrifuge with no additives. Because no anticoagulant is added, the blood forms a natural fibrin scaffold that traps platelets and growth factors; once injected, that scaffold releases those growth factors gradually over roughly one to two weeks, signaling your own fibroblasts to build new collagen and elastin. One level deeper: this slow, steady release is what distinguishes second-generation PRF from older PRP, which stays liquid and releases in a fast burst. Diana selects the form and spin protocol to the goal, using a liquid injectable PRF for delicate areas like the tear trough. Because it is made entirely from you, PRF carries a very low risk of allergic reaction or rejection, and results develop naturally rather than all at once. An important distinction: this is the injectable, RN-led PRF performed by Diana under medical-director oversight. It is different from Amber's PRF, which is topical only, applied over microchanneling and never injected. Early changes commonly appear at two to six weeks, with collagen remodeling peaking around three to six months and results commonly lasting six to twelve months. Individual outcomes vary, and not every client is a candidate.","This is for generally healthy adults who want natural-derived, gradual rejuvenation and prefer to avoid or minimize synthetic filler: tired, hollow, or darkened under-eyes, and early laxity, fine lines, or dull texture on the face, neck, and decollete. It is not a heavy-volume filler; deep tear-trough hollows or significant midface volume loss may be better served by HA filler or a combination. Someone who needs a one-visit dramatic change may be disappointed, since PRF builds over months. Active infection at the site, certain blood or bleeding disorders, current anticoagulation, and pregnancy or breastfeeding are generally deferred. Diana, RN, confirms candidacy under medical-director oversight.","Consultation and candidacy: skin and under-eye assessment, honest expectation-setting, and review of contraindications and medications with Diana, RN. | Blood draw: a small sample drawn like routine lab work. | Centrifugation: the sample is spun with no additives to form PRF. | Comfort: topical numbing as appropriate, with fine needles or a cannula for delicate areas. | Injection: Diana places the PRF precisely beneath the under-eye or into the target facial area (visits run about 45 to 60 minutes). | Recovery and series: mild swelling settles over 24 to 72 hours; most plans are a series of about three sessions spaced four to six weeks apart.","Consultation required; investment and protocol details are discussed after candidacy is reviewed.","PRF under-eye ranges widely in FL: tresJ Med Spa $349 single / $899 per 3; Thrive Med Spa & ÉLAN (Tampa) ~$775; Afrooz Med Spa $800. General FL PRP/PRF $600–$1,500/session. No Punta Gorda / Charlotte County med spa brands PRF — local options market older PRP. Live-verified 2026-07.","","","","","EZ Gel Bio-Filler | Platelet-Rich Fibrin (PRF) | Topical PRF with Microchanneling or Microneedling","Q: Is injectable PRF the same as Amber's PRF facial?
A: No. Amber's PRF is topical only, applied to the skin surface during a microchanneling facial to support texture, tone, and radiance. Injectable PRF is a separate, RN-led procedure performed by Diana under medical-director oversight, placed beneath the skin to target under-eye hollows, dark circles, and deeper facial rejuvenation. Same source material, your own blood, but two different services in two different lanes.

Q: Is PRF the same as PRP?
A: They are related, but PRF uses no anticoagulant and a low-speed spin, so its fibrin scaffold releases growth factors gradually over days rather than in a fast burst. Many providers consider PRF the more advanced, second-generation option because of that steady, sustained renewal signal. Diana selects the specific PRF preparation to suit your goal.

Q: Does PRF really help under-eye dark circles and hollows?
A: The under-eye is PRF's most popular and best-studied target. PRF is designed to improve skin quality and the appearance of darkness and mild hollowing, with subtle volume, and its autologous nature suits the thin, delicate under-eye skin. A true deep hollow may still need a small amount of HA filler. Individual results vary, and Diana confirms the right approach for you.

Q: When will I see results, and how long do they last?
A: Early changes commonly appear at two to six weeks, with collagen remodeling peaking around three to six months. Results commonly last six to twelve months, though the evidence base is still limited and gains can diminish around six months, which is exactly why plans are built as a series with maintenance. Outcomes are individual and depend on your skin, age, and lifestyle.

Q: Is there downtime, and any allergy risk?
A: Downtime is minimal, but expect mild swelling, redness, and possible bruising for a few days; under-eye swelling is often most noticeable the next morning and settles within 24 to 72 hours. Because PRF is made from your own blood, the risk of allergic reaction or rejection is very low, and side effects are usually mild and short-lived. Final candidacy is confirmed by Diana, RN.

Q: Is PRF FDA-approved?
A: PRF is an autologous blood product, made from your own blood. The preparation device is FDA-cleared, but the cosmetic procedure itself is not FDA-approved for facial rejuvenation, and we never claim that it is. We describe it factually: your body's own growth factors, put to work beneath the skin. Separately, House of Rose does not currently offer PRF for hair loss; our injectable PRF focuses on under-eye and facial rejuvenation.","","","","PRF Injection Consultation in Punta Gorda","PRF under-eye and full-face rejuvenation in Punta Gorda from $495 — natural collagen regeneration from your own blood, placed via blunt cannula.","132","2026-06-10T09:48:53Z","2026-07-17T09:23:30Z","Ga2n8mXgkZEKTR8huSvg1A","production",""
"Service","2f050dfe-7ec7-459c-b3d6-f895a53805e8","ProCell Microchanneling","microchanneling","live","hub","Microchanneling & Microneedling","microchanneling-microneedling","","","Amber Mingione","Esthetician | RN Assistant","skin-renewal","consult","","$349","","","","45 minutes","","","","","","","","","Structured ProCell microchanneling selected around your skin goals and candidacy.","ProCell Microchanneling is a structured stamping treatment used to support the appearance of texture, fine lines, enlarged-looking pores, dullness, and overall skin quality. At House of Rose in Punta Gorda, Amber begins with a skin consultation, confirms candidacy, opens a new single-use cartridge, and selects the appropriate ProCell protocol and aftercare. Individual outcomes and recovery vary.","Clients interested in improving visible texture, fine lines, enlarged-looking pores, or overall skin quality with a structured microchanneling protocol. Amber confirms candidacy and whether ProCell or another approach makes more sense before treatment.","Begin with a skin consultation and candidacy review. | Confirm the ProCell protocol and aftercare appropriate for your plan. | Complete treatment with a new single-use cartridge. | Review recovery guidance and the timing of any follow-up visit.","Consultation required; investment and protocol details are discussed after candidacy is reviewed.","Verified regional ProCell/microchanneling: singles $300–$375 (ProCell 60-min $300, 90-min $350; ÉLAN microneedling $375), 4-packs $1,050–$1,225 (web 2026-07). No Punta Gorda med spa markets ProCell specifically — Skin Sanctuary (PG) and C's Medi Spa (Port Charlotte) offer bare microneedling at $195 / $175, a cheaper, different modality.","","","","Fine Lines & Laxity | Acne Scarring | Texture | Stretch Marks","Topical PRF with Microchanneling or Microneedling | Glo2Facial | Dermaplaning","Q: What is ProCell Microchanneling?
A: ProCell is a branded microchanneling protocol that uses a stamping device to create controlled, temporary micro-openings. At House of Rose, it is selected for skin-quality goals only after Amber reviews your skin and candidacy.

Q: How is ProCell Microchanneling different from microneedling?
A: ProCell is a structured microchanneling protocol, while microneedling is a broader, adjustable category. Neither is automatically better. The visible concern, area, skin history, and recovery preferences guide the choice.

Q: How much does ProCell Microchanneling cost?
A: The currently verified ProCell MD face treatment is $349. Your provider confirms the current investment and whether a different area or treatment plan is appropriate before you book.

Q: How many sessions will I need?
A: ProCell goals are often planned as a protocol-based series, but the number and timing are individualized. Amber reviews your response before recommending another visit.","https://cdn.sanity.io/images/4e7axyi7/production/f64f5ce9afd94e3e536d0d3f88909ae2ef99131d-1881x836.webp","procell microchanneling at House of Rose in Punta Gorda Florida","","ProCell Microchanneling in Punta Gorda","Learn what ProCell Microchanneling is, who it may suit, and the verified $349 face treatment at House of Rose in Punta Gorda.","120","2026-04-28T07:02:31Z","2026-07-20T17:32:50Z","TKR6NCHvVC2NQN4yJgqLNK","production",""
"Service","4f55771d-f09c-4f31-a9ac-b4beaef27f73","ProCell Microchanneling — Body","procell-microchanneling-body","proposed","standalone","Microchanneling & Microneedling","microchanneling-microneedling","","","Amber Mingione","Esthetician | RN Assistant","skin-renewal","per-area","","From $349 per zone","","","","60–75 minutes","","","","","","","","","Growth-factor channeling for the body — stretch marks, scars, crepey skin, hands and décolleté.","ProCell Microchanneling for the body brings the same structured growth-factor channeling used on the face to areas below it, priced per zone. A precise stamping device creates thousands of tiny, controlled channels at fixed, provider-selected settings, and the ProCell professional growth-factor and cytokine serum flows into those fresh channels. It's the skin-quality choice for the body: crepey-looking skin, hands, decollete, neck, and overall body-skin appearance, meaning texture, dullness, and glow rather than a single targeted scar. In plain terms, the channels prompt the skin's own repair-and-collagen response over the following weeks while giving the serum a fresh surface to absorb into. The serum is what makes ProCell distinctive: ProCell describes it as growth factors, cytokines, and DNA-repair enzymes in a hyaluronic-acid base, made from bio-engineered sources with no cells, DNA, or blood. As on the face, Pro and MD serum tiers are available, with MD carrying roughly twice the growth factors of Pro; the tier is chosen in consultation. Body skin is thicker than facial skin, so a longer series, often a Series of 6, is realistic. Amber, a licensed esthetician, performs it with a new single-use cartridge every session, and topical PRF is available as an optional add-on, applied on the surface only, never injected. For the appearance of stretch marks or defined scar texture, adjustable-depth body microneedling is usually the better tool; body microchanneling is the overall skin-quality choice. Results develop over weeks to months, and individual outcomes vary; not every client is a candidate.","ProCell Microchanneling for the body suits adults who want to improve overall body-skin quality: the appearance of crepey-looking skin, texture, dullness, and glow on zones like the neck, decollete, hands, and other approved areas, in a structured, controlled protocol. It's the skin-quality choice rather than a targeted correction. If your goal is the appearance of stretch marks or defined scar texture, adjustable-depth body microneedling is usually the better tool. Body skin is thicker, so plan on a longer series. Active infection, cold sores, recent isotretinoin, a keloid history, blood thinners, pregnancy, and certain conditions mean the provider may postpone or adjust; not every client is a candidate, and individual outcomes vary.","Consult and skin analysis: Amber reviews the target zones, skin history, medications, and candidacy, then confirms body microchanneling is right for the goal. | Select the serum tier: ProCell Pro or ProCell MD (roughly 2x the growth factors); topical PRF is discussed as an optional add-on. | Prep: the treatment zones are cleansed, with optional dermaplane prep, and a new single-use cartridge is opened for your session. | Channeling: the device stamps the fixed, controlled settings across each zone, suited to thicker body skin. | Serum layer: the selected ProCell serum flows into the fresh channels as they're created. | Finish and aftercare: optional LED to calm the skin, then written aftercare and a series cadence, since body skin generally calls for a longer series.","Priced per zone. Series of 3 from $940; 6 from $1,675 (body series run 6 sessions, ~4 weeks apart). Serum tier (ProCell Pro / MD) at consultation. Recalibrated 2026-07.","No local ProCell-body comp published. Regional ProCell singles $300–$375 / 4-pack $1,050–$1,225 (web 2026-07); body is priced per zone (thicker skin, longer series). Nearest bare-needling comps: Skin Sanctuary (PG) $195, C's (Port Charlotte) $175.","","","","","","Q: Which body areas can be treated?
A: ProCell Microchanneling for the body is priced per zone and addresses overall body-skin quality on areas like the neck, decollete, hands, and other approved zones, for the appearance of crepey-looking skin, texture, and dullness. Which zones are treated is confirmed at consultation, and final pricing is set after your skin analysis.

Q: Should I choose body microchanneling or body microneedling?
A: For overall body-skin quality and glow, such as crepey-looking skin on the neck, decollete, or hands, ProCell Microchanneling for the body is the skin-quality choice. For a depth-targeted correction of the appearance of stretch marks or defined scar texture, adjustable-depth body microneedling is usually the better tool. The provider decides the modality per zone at consultation.

Q: Are Pro and MD serum tiers available on the body?
A: Yes. As on the face, ProCell Pro is the professional-grade baseline and ProCell MD carries roughly twice the growth factors of Pro for age-related collagen support. The difference is serum concentration and plan, not a stronger machine. Amber selects the tier during your consultation based on your skin and goals.

Q: Why is body work usually a longer series?
A: Body skin is thicker than facial skin and remodels gradually, so a longer series, often a Series of 6, is realistic to support visible change. Most goals are spaced about four to six weeks apart, then individualized maintenance. Your provider recommends the plan based on your zones and how your skin responds, and individual results vary.

Q: Is the serum or PRF injected into my skin?
A: No. The ProCell serum and any topical PRF are applied on the surface during the channeling, and the fresh channels help them absorb. Microneedling devices are not authorized to deliver products or blood into the skin, and we never describe it that way. Injectable PRF is a separate procedure handled by our RN.

Q: What's the downtime on the body?
A: Redness, tightness, dryness, and mild flaking are common short-term, and occasional pinpoint bleeding can occur. The window varies with the setting, zone, and your skin, so we give written aftercare rather than a fixed timeline. As on the face, avoid sun, heat, sweat, and active skincare as directed during recovery.","https://cdn.sanity.io/images/4e7axyi7/production/f64f5ce9afd94e3e536d0d3f88909ae2ef99131d-1881x836.webp","ProCell Therapies microchanneling system with delivery serums","","","","60","2026-07-10T17:37:33Z","2026-07-17T09:23:30Z","Ga2n8mXgkZEKTR8huSvg1A","production",""
"Service","service-royal-rose-facial","Royal Rose Facial","royal-rose-facial","parked","standalone","Facials","facials","","","Aundrea Pedigo","Permanent jewelry + beauty enhancements","","per-session","","$170","","","","1 hour 30 minutes","","","","","","","","","90 minutes of pure indulgence.","The Royal Rose Facial is our most elevated ritual — a full 90 minutes with Aundrea, designed for clients who want the complete experience and the deepest sense of care. Everything in the Luxe Rose is here, given room to breathe, plus layered extras that make it feel like an occasion. After a double cleanse and detailed skin analysis, the session moves through customized exfoliation, warm steam, and unhurried extractions, then builds into a multi-step treatment: dual masking matched to different zones of the face, an extended massage across the face, neck, décolleté, sometimes the scalp and hands, and pressure-point and lymphatic techniques that leave you genuinely relaxed. Serums and a hydrating finish are layered thoughtfully, closing with broad-spectrum SPF. The result is skin that looks clear, plumped, and luminous, paired with the slowed-down, restorative quality of a longer treatment — the version people book to feel truly looked after, before a wedding, a milestone, or simply as a reset. There is no meaningful downtime; any post-extraction flush settles quickly. Honest limits: however luxurious, this remains a relaxing, glow-forward maintenance facial for the appearance of healthy, radiant skin — not a corrective treatment for deep scarring, established pigment, or laxity. Individual outcomes vary, and your provider confirms candidacy and the right combination for your skin.","Best for clients who want the fullest, most indulgent facial — layered masks, extended massage, and true time to unwind — or who are prepping skin (and themselves) for a special occasion. It suits most skin types on a treat-yourself or event cadence. If you want the core glow in less time or at a gentler investment, the Luxe or Signature Rose Facials deliver the essentials.","Double cleanse and detailed skin analysis | Customized exfoliation with warm steam | Unhurried, comfortable extractions | Dual masking matched to different zones of the face | Extended face, neck, décolleté, and pressure-point massage with lymphatic techniques | Layered serums, hydration, and broad-spectrum SPF to finish","","Local facial market: Ästhetik (PG) 60-min signature $160 (90-min custom facial higher, price unpublished); Spago/Skin Sanctuary ~$90–$200. HoR $170 is a premium tier.","","","","","","Q: What makes the Royal Rose worth the extra time and investment?
A: The full 90 minutes adds dual masking, an extended massage that can include the scalp and hands, and lymphatic and pressure-point work — the most complete, restorative version of our facial ritual. It is the one clients choose to feel genuinely cared for, and for event prep.

Q: Is it a good choice before a wedding or big event?
A: Yes — it is a popular pre-event ritual. Booking it a few days ahead lets any post-extraction flush settle so your skin looks its freshest. For a first-time facial before a major day, an earlier trial session is a smart idea.

Q: Is there any downtime?
A: No meaningful downtime. You may look briefly flushed after extractions, easing within a couple of hours, and can return to your day afterward.

Q: How often should I have it?
A: Some clients reserve the Royal Rose for a monthly indulgence or for special occasions, while keeping shorter facials in between. Your provider will help you plan a rhythm that fits your skin and lifestyle.","","","","","","6","2026-07-14T01:36:11Z","2026-07-20T17:32:50Z","TKR6NCHvVC2NQN4yJgqLNK","production",""
"Service","service-sculpt-and-lift-facial","Sculpt & Lift Facial","sculpt-and-lift-facial","parked","standalone","Facials","facials","","","Brandy","Esthetician (classic facials)","","per-session","","$180","","","","1 hour","","","","","","","","","Firming, contouring, lifted.","The Sculpt & Lift Facial is Brandy's contouring-focused treatment — an hour built around facial massage, lymphatic techniques, and hands-on sculpting for skin that looks more toned, lifted, and awake. Where a classic facial centers on cleansing and extractions, this one centers on movement: gua sha and manual lifting strokes, lymphatic drainage to help ease the look of puffiness, and pressure-point work along the jawline, cheeks, and brow that leaves the face looking more defined and lifted. It is a facial you can feel working — a firm, rhythmic, deeply relaxing massage rather than a quick pass. Brandy still frames the session with a cleanse and a gentle exfoliation, and finishes with a firming or hydrating mask, serum, and SPF, but the massage is the signature. It is designed to support the appearance of a more sculpted, contoured, and refreshed face, with an immediate lifted-and-glowing look many clients love before an event or photos. There is no meaningful downtime; skin looks flushed-in-a-good-way and settles into a healthy glow. Honest limits: the lift and contour here come from massage, circulation, and reduced puffiness — a visible, temporary effect for the appearance of a more toned face, not a substitute for injectables or a corrective procedure, and it is temporary rather than lasting. Results build with regular sessions. Not every client is a candidate; your provider confirms suitability, and individual outcomes vary.","Ideal for clients who want a facial they can feel — sculpting massage, lymphatic drainage, and an immediate lifted, contoured look — and for anyone easing puffiness before an event or photos. It suits most skin types. If your main goal is deep-cleaning congestion or you simply want to relax passively, the Skin Reset or a classic facial is a better match, and structural changes call for a provider consultation about other options.","Cleanse and gentle exfoliation to prepare the skin | Lymphatic drainage to help ease the look of puffiness | Sculpting massage with gua sha and manual lifting strokes | Pressure-point work along the jawline, cheeks, and brow | Firming or hydrating mask to set the look | Serum, moisturizer, and broad-spectrum SPF to finish","","Local facial market: Ästhetik (PG) signature $160 (90-min custom higher); Spago/Skin Sanctuary ~$90–$200. HoR $180 is a premium/results tier.","","","","","","Q: How does a facial 'lift' or 'sculpt' the face?
A: Through massage, gua sha, and lymphatic techniques that boost circulation and help ease the look of puffiness, so the face looks more toned, defined, and awake. The effect is visible and immediate but temporary — it is not a substitute for injectables or a clinical procedure.

Q: How long does the lifted look last?
A: Many clients enjoy the sculpted, de-puffed look for several days, and it builds with regular sessions. Because the effect comes from massage and circulation, it is temporary and maintained with regular visits. Individual results vary.

Q: Is it a good pre-event facial?
A: Yes — it is a favorite before weddings, photos, and special occasions for an immediate lifted, glowing look. Booking a day or two ahead lets any flush settle into a healthy glow.

Q: Is there any downtime?
A: No meaningful downtime. Skin may look pleasantly flushed from the massage and settles into a glow within a short while.

Q: How often should I get it?
A: Because the effect is cumulative, some clients enjoy it every couple of weeks for a while, then settle into a monthly rhythm. Your provider will recommend a cadence for your goals.","","","","","","8","2026-07-14T01:36:11Z","2026-07-20T17:32:50Z","TKR6NCHvVC2NQN4yJgqLNK","production",""
"Service","service-signature-facial","Signature Facial","signature-facial","parked","standalone","Facials","facials","","","Brandy","Esthetician (classic facials)","","per-session","","$120","","","","45 minutes","","","","","","","","","The customized classic.","Brandy's Signature Facial is the classic, well-rounded treatment — 45 minutes of cleanse, exfoliate, extract, and hydrate that covers all the essentials of good skin maintenance in one relaxing session. It is the sensible “every skin, every few weeks” facial: enough time to do the fundamentals properly, without the extended masking and massage of a longer ritual. Brandy begins with a double cleanse and a skin read, then works through a gentle exfoliation matched to your skin, warm steam to soften the surface, and comfortable extractions to clear the look of congestion. A treatment mask and a hydrating finish with serum, moisturizer, and SPF complete the session. It is designed to leave skin looking clean, smooth, balanced, and refreshed, and to keep it that way with regular visits. The experience is calm and restful — relaxing without being an all-afternoon indulgence — and there is no meaningful downtime, with any post-extraction flush settling quickly. Honest limits: the Signature Facial is a relaxing maintenance treatment for the appearance of healthy, well-cared-for skin. It is not a corrective treatment for deep texture, scarring, or established pigment, which point to advanced-lane options. Not every client is a candidate for every step; your provider confirms suitability, and individual outcomes vary.","Ideal for clients who want a dependable, all-around facial on a regular maintenance rhythm — the classic cleanse-exfoliate-extract-hydrate done well. It suits most skin types. If you want more massage, layered masking, and time to unwind, the longer Luxury Facial is the step up; if your skin feels congested and needs a deeper clean, look at the Skin Reset Facial.","Double cleanse and skin read | Gentle exfoliation matched to your skin | Warm steam and comfortable extractions | Treatment mask suited to your skin type | Serum, moisturizer, and broad-spectrum SPF to finish","","Local facial market: Ästhetik (PG) 60-min signature facial $160; Spago and Skin Sanctuary facials ~$90–$200. HoR $120 sits mid-range.","","","","","","Q: What is included in the Signature Facial?
A: The essentials done properly — a double cleanse, gentle exfoliation, steam and extractions, a treatment mask, and a hydrating finish with SPF. It is the well-rounded maintenance facial for regular skin care.

Q: How is it different from the Skin Reset Facial?
A: The Signature is the balanced, all-around maintenance facial. The Skin Reset leans into a deeper clean for skin that feels congested or clogged, with more focus on extractions and clarifying. Your provider can help you choose.

Q: Is there downtime?
A: No meaningful downtime — you may look briefly flushed after extractions, which settles within a couple of hours, and can return to your day.

Q: How often should I book it?
A: About once a month follows the skin's natural renewal cycle and keeps results consistent. Your provider will personalize the cadence for your skin.","","","","","","4","2026-07-14T01:36:11Z","2026-07-20T17:32:50Z","TKR6NCHvVC2NQN4yJgqLNK","production",""
"Service","service-signature-rose-facial","Signature Rose Facial","signature-rose-facial","parked","standalone","Facials","facials","","","Aundrea Pedigo","Permanent jewelry + beauty enhancements","","per-session","","$80","","","","30 minutes","","","","","","","","","Our relaxing 30-minute glow ritual.","The Signature Rose Facial is our 30-minute express treatment — the quickest way to give tired, dull-looking skin a genuine refresh without carving an afternoon out of your day. Aundrea begins with a thorough double cleanse to lift makeup, oil, and SPF, then reads your skin to choose the right products for the day. From there the session moves through a gentle exfoliation to loosen dull surface buildup, a round of light steam and any comfortable extractions your skin calls for, and a finishing layer of serum, moisturizer, and SPF. It is designed to leave skin looking clean, smooth, and lit-from-within, and because everything stays at the surface there is no meaningful downtime — many clients book it on a lunch break or before an evening out. It feels calming and unhurried even in a compact window, closing with a short massage as products settle. Honest limits: a 30-minute express facial is maintenance and glow, not correction. It supports the appearance of brighter, fresher skin, but it will not resurface deeper texture, fade established pigment, or address laxity — those goals point to a longer treatment or an advanced-lane option. Individual outcomes vary, and your provider confirms what suits your skin that day.","Ideal for anyone who wants a fast, reliable glow — a busy schedule, a same-day event, or a first professional facial to see how your skin responds. It is also a comfortable entry point for sensitive or reactive skin because it stays gentle and surface-level. If you are looking to work on deeper texture, congestion, or a specific concern over time, a longer facial (the Luxe or Royal Rose) or an advanced-lane treatment is the better fit.","Quick skin read and double cleanse to remove makeup, oil, and SPF | Gentle exfoliation to loosen dull surface buildup | Light steam with any comfortable, appropriate extractions | Targeted serum and hydrating massage as products settle | Moisturizer and broad-spectrum SPF to finish","","Local facial market: Ästhetik (Punta Gorda) 60-min signature facial $160; Spago Day Spa and Skin Sanctuary facials roughly $90–$200. HoR ladder ($80–$200) spans the local range; this is the entry tier.","","","","","","Q: Is 30 minutes really enough time for a facial?
A: Yes — the Signature Rose is built as a focused express glow. It streamlines cleanse, exfoliate, and finish into a compact, effective refresh. If you want extractions, massage, and masking with more time to relax, the hour-long Luxe Rose Facial is the step up.

Q: Will I have any downtime or redness?
A: There is no meaningful downtime. Skin may look slightly flushed for a short while after extractions, which usually settles within a couple of hours, and you can return to your day right away.

Q: Can I wear makeup afterward?
A: Yes — many clients do the Signature Rose before an event and apply makeup the same day once the skin has settled. Give freshly exfoliated skin a little time and finish with SPF first.

Q: How often should I book it?
A: Because it follows the skin's roughly monthly renewal rhythm, a session about every four weeks keeps the glow consistent. Your provider will personalize the cadence to your skin and goals.","","","","","","1","2026-07-14T01:36:11Z","2026-07-20T17:32:50Z","TKR6NCHvVC2NQN4yJgqLNK","production",""
"Service","service-skin-reset-facial","Skin Reset Facial","skin-reset-facial","parked","standalone","Facials","facials","","","Brandy","Esthetician (classic facials)","","per-session","","$140","","","","50 minutes","","","","","","","","","A deeper reset for stressed skin.","The Skin Reset Facial is Brandy's deep-clean treatment — 50 minutes focused on skin that feels congested, clogged, or in need of a proper clear-out. Where a classic facial keeps things balanced, this one leans into decongesting: the goal is to clear the look of buildup, blackheads, and clogged-looking pores and leave skin feeling genuinely reset. Brandy opens with a double cleanse and a careful skin read, then applies a clarifying exfoliation to soften the surface and warm steam to open things up, followed by thorough, comfortable extractions — the heart of this treatment. A purifying or balancing mask calms and refines the skin afterward, and a lightweight hydrating finish with SPF restores comfort without heaviness. It is designed to support the appearance of clearer, smoother, more even skin and to feel like a fresh start for skin that has been looking dull or clogged. The experience is still relaxing, but the emphasis is on the clean. Downtime is minimal; skin can look flushed after focused extractions and typically settles within a few hours. Honest limits: this is a maintenance-tier deep-clean facial for the appearance of congestion, not a medical acne treatment and not a corrective treatment for scarring — persistent or inflammatory acne is better served by a dedicated program, and your provider will guide you. Not every client is a candidate; individual outcomes vary.","Best for clients whose skin feels congested, oily, or clogged and who want a thorough professional clear-out. It is a strong choice when blackheads and clogged-looking pores are the main frustration. If your skin is dry, sensitive, or simply due for maintenance, the gentler Signature Facial or Lunch Time Glow may suit you better; for persistent or inflammatory acne, your provider may point you toward a dedicated acne program.","Double cleanse and careful skin read | Clarifying exfoliation to soften surface buildup | Warm steam to prepare the skin | Thorough, comfortable extractions to decongest | Purifying or balancing mask to calm and refine | Lightweight hydration and broad-spectrum SPF to finish","","Local facial market: Ästhetik (PG) signature facial $160; Spago and Skin Sanctuary facials ~$90–$200. HoR $140 is near the Ästhetik signature.","","","","","","Q: Is this an acne treatment?
A: It is a deep-clean maintenance facial that supports the appearance of clearer, decongested skin — not a medical acne treatment. If you are dealing with persistent or inflammatory acne, your provider can point you toward a dedicated program that is better suited to it.

Q: Will the extractions hurt?
A: Extractions can feel like brief pressure, especially in congested areas, but Brandy works carefully to keep it comfortable. Skin may look a little flushed right after, which settles within a few hours.

Q: How much downtime is there?
A: Minimal — because this facial includes focused extractions, skin can look flushed for a few hours afterward before settling. You can return to your day, ideally with SPF and a light finish.

Q: How often should I get it?
A: For congested skin, some clients start with a session every few weeks and then ease into monthly maintenance as things clear. Your provider will tailor the plan to your skin.

Q: How is it different from the Signature Facial?
A: The Signature Facial is balanced, all-around maintenance. The Skin Reset puts the emphasis on a deeper clean and thorough extractions for skin that feels clogged or congested.","","","","","","5","2026-07-14T01:36:11Z","2026-07-20T17:32:50Z","TKR6NCHvVC2NQN4yJgqLNK","production",""
"Service","service-soft-glam-event-makeup","Soft Glam / Event Makeup","soft-glam-event-makeup","live","standalone","Makeup","makeup","","","Aundrea Pedigo","Permanent jewelry + beauty enhancements","","per-session","","$80","","","","45 minutes","","","","","","","","","Elevated glam for your event.","Soft Glam / Event Makeup is a 45-minute application for a polished, camera-ready look with a little more drama — the sweet spot between everyday and full glam. It is built for prom, engagement and family photos, date nights, birthdays, and any occasion where you want to look elevated but still like yourself. Aundrea works in professional Jane Iredale mineral makeup, chosen for longevity and a finish that photographs cleanly without the harsh white flashback some conventional formulas throw under a flash. She preps and primes the skin, builds a longer-wearing base with color correction and concealing, then layers a soft-glam eye — typically a blended shadow, defined lashes, and subtle depth — with sculpted cheeks, defined brows, and a coordinated lip. The look is built to hold up through an event and read beautifully in photos. There is no downtime, and the mineral finish stays comfortable through a long day or evening. For weddings and important photography, a separate trial run beforehand is strongly recommended so colors, foundation match, and the exact look are locked in before the day — framed as coordination, never pressure. Honest limits: makeup is cosmetic; it enhances and evens the appearance of the skin and does not treat any skin condition, and post-treatment timing always defers to your provider. For a bride or a maximum, long-haul glam look, the Full Glam / Bridal application is the tier above; for a quick natural refresh, Everyday Makeup is the lighter option.","Perfect for prom, photos, date nights, and celebrations where you want a defined, photo-ready look that still feels like you. The skin-first mineral approach suits anyone who wants clean, comfortable, long-wearing coverage. If you are the bride or want the fullest, longest-wearing glam, choose Full Glam / Bridal; if you want a quick, understated everyday look, Everyday Makeup is the lighter, faster option.","Prep and prime the skin for longer wear | Build a camera-ready base with color correction and concealing | Create a soft-glam eye with blended shadow and defined lashes | Sculpt the cheeks and define the brows | Finish with a coordinated lip and set the look to last","","SW FL event/soft-glam makeup ~$100–$175/face (regional wedding vendors, WeddingWire). HoR $80 is below the regional range — provider decision (Aundrea).","","","","","Everyday Makeup | Full Glam / Bridal Makeup","Q: What occasions is Soft Glam best for?
A: Prom, engagement and family photos, date nights, birthdays, and celebrations — anywhere you want a polished, camera-ready look with a little more definition than everyday, while still looking like yourself.

Q: Will it last through my event?
A: Yes — it is built for longevity, with a primed, layered base and a set finish designed to hold up through a long event and photograph cleanly. The mineral makeup stays comfortable through the day.

Q: Do you offer airbrush?
A: We use a hand-applied mineral finish rather than airbrush — it photographs cleanly with no harsh flashback, wears comfortably all day, and carries no airbrush upcharge.

Q: Should I book a trial first?
A: For weddings and important photography, a separate trial run is strongly recommended so we can coordinate colors, color-match your foundation, and perfect the look before the day. For a standalone event, a trial is optional.

Q: Can I wear this makeup soon after a facial?
A: Often, yes — mineral makeup is a common post-treatment choice, but timing depends on the specific treatment and your provider's guidance. We confirm suitability with you first.","","","","","","2","2026-07-14T01:36:11Z","2026-07-17T09:23:42Z","Ga2n8mXgkZEKTR8huSvjNY","production",""
"Service","818469ff-9dee-4939-ad55-54fb1ca4e184","Topical PRF with Microchanneling or Microneedling","prf-microneedling","live","treatment","Skin Renewal","skin-renewal","Platelet-Rich Fibrin (PRF)","prf","Amber Mingione","Esthetician | RN Assistant","skin-renewal","consult","","$450","","","","60 minutes","","","","","","","","","Client-derived PRF applied topically during an appropriate needling protocol.","Topical PRF is prepared from a small sample of your blood and applied to the skin surface during an appropriate microchanneling or microneedling protocol. It is not injected and is not described as being delivered into the skin. Amber confirms candidacy, selects the needling approach, and provides written aftercare. The currently verified PRF Skin Renewal appointment is $450.","Clients already suited to microchanneling or microneedling who want to discuss a topical, client-derived adjunct. Amber confirms whether the treatment area, health history, and selected protocol make topical PRF appropriate.","Complete a skin consultation and candidacy review. | Confirm whether microchanneling or microneedling fits the visible concern. | Prepare PRF from a small blood draw when appropriate. | Apply PRF topically during the selected needling protocol. | Leave with written, provider-selected aftercare.","Consultation required; investment and protocol details are discussed after candidacy is reviewed.","PRF/PRP microneedling regionally $350–$500 single / $750–$1,050 per 3-pack (ÉLAN $375 single, $1,050/3; out-of-state PRF-microneedling $349–$495 single). No Punta Gorda / Charlotte County med spa brands topical-PRF microchanneling; several offer only older PRP.","","","","","ProCell Microchanneling | Platelet-Rich Fibrin (PRF)","Q: What is PRF microneedling?
A: At House of Rose, this means a provider-selected microchanneling or microneedling protocol with PRF applied topically to the skin surface. Amber’s PRF role is topical only; injectable PRF is Diana, RN’s separate lane.

Q: How much does topical PRF needling cost?
A: The currently verified PRF Skin Renewal appointment is $450. Your provider confirms the current price, treatment area, and recommended protocol before you book.

Q: How many sessions will I need?
A: The appropriate number and timing depend on your skin, visible concern, recovery, and response. Amber reviews progress before recommending a follow-up visit.

Q: Who may not be a candidate?
A: Certain health histories, medications, active skin concerns, pregnancy or breastfeeding, and other factors may require a different plan or timing. Your provider completes the candidacy review.","","","","Topical PRF Needling in Punta Gorda","Learn how topical PRF is used with microchanneling or microneedling, who may be a candidate, and the verified $450 appointment.","131","2026-06-10T09:48:53Z","2026-07-20T17:32:50Z","TKR6NCHvVC2NQN4yJgqLNK","production",""
"Service","59219510-249d-48e7-9c11-373e8d2c460b","Wellness","wellness","live","hub","Wellness & Restoration","wellness-restoration","","","Diana","Registered Nurse (RN)","","","","","","","","","","","","","","","","","The IV Hydration Lounge & medically supervised weight care","","","","","Wellness hub (IV therapy + GLP-1). SW FL IV drips $104–$179 (HydraMed Naples; The Wellness Lab from $155). SW FL GLP-1 $199–$350/mo (Solace Fort Myers sema $300 / tirz $350; FL compounded from $199). See the individual IV and GLP-1 services for detail. Live-verified 2026-07.","","","","","","Q: What is included in the Wellness lane?
A: The current lane includes IV Hydration Therapy and provider-guided GLP-1 Weight Management. Diana, RN provides these services under the appropriate clinical oversight.

Q: Who administers these wellness services?
A: Diana, RN leads this lane under the appropriate medical oversight. The team routes each inquiry to the provider whose scope matches the service.

Q: Do I need a consultation first?
A: Yes. Diana reviews health history, medications, goals, and service-specific exclusions before determining candidacy.

Q: Can IV therapy or weight management support my skin goals?
A: Hydration and overall wellness can complement a skin-care plan, but they do not replace skin consultation, daily care, sun protection, or treatment selected for a visible concern.

Q: How do I choose between IV therapy and the GLP-1 program?
A: They address different goals and require different screening. Diana helps determine whether either service fits your health history and goals.

Q: Are these services intended to treat a diagnosed condition?
A: No. These offerings support wellness and are not presented as a substitute for diagnosis or care from your physician.","https://cdn.sanity.io/images/4e7axyi7/production/71e04c9f3862ed4d4972acf2cf907a35ec70b49a-2400x1350.webp","IV hydration lounge recliner at House of Rose","https://cdn.sanity.io/images/4e7axyi7/production/71e04c9f3862ed4d4972acf2cf907a35ec70b49a-2400x1350.webp — IV hydration lounge recliner at House of Rose","Wellness in Punta Gorda, FL — IV Lounge & GLP-1 | House of Rose","IV hydration lounge and GLP-1 weight management in Punta Gorda — drips, NAD+, vitamin shots, and structured weight care programs.","0","2026-06-10T10:59:23Z","2026-07-21T19:03:06Z","thy8xfDWtsX68YzGxF574u","production",""
